date,start_hour,end_hour,solar_mwh,wind_mwh,price_euros_mwh,solarSubventions_euros,windSubventions_euros
2020-01-01,00:00,01:00,0,3361,41.88,0,165428.41999999998
2020-01-01,01:00,02:00,0,2810,38.60,0,147524.99999999997
2020-01-01,02:00,03:00,0,2655,36.55,0,144830.25
2020-01-01,03:00,04:00,0,2736,32.32,0,160822.08
2020-01-01,04:00,05:00,0,2631,30.85,0,158517.74999999997
2020-01-01,05:00,06:00,0,2533,30.14,0,154411.68
2020-01-01,06:00,07:00,0,2341,30.17,0,142637.12999999998
2020-01-01,07:00,08:00,0,2185,30.00,0,133503.5
2020-01-01,08:00,09:00,175,1917,30.65,45176.25000000001,115882.65
2020-01-01,09:00,10:00,640,1694,30.65,165216.00000000003,102402.29999999999
2020-01-01,10:00,11:00,1464,1623,30.27,378487.92000000004,98727.09
2020-01-01,11:00,12:00,2100,1578,30.34,542766.0000000001,95879.27999999998
2020-01-01,12:00,13:00,2426,1356,30.99,625447.06,81509.16
2020-01-01,13:00,14:00,2354,1098,30.04,609121.0399999999,67043.87999999999
2020-01-01,14:00,15:00,1875,997,30.75,483843.75,60168.95
2020-01-01,15:00,16:00,1038,1006,32.11,266444.22,59343.939999999995
2020-01-01,16:00,17:00,330,1050,35.98,83430.6,57876
2020-01-01,17:00,18:00,131,1089,40.40,32540.4,55212.299999999996
2020-01-01,18:00,19:00,0,1199,44.05,0,56412.95
2020-01-01,19:00,20:00,0,1288,46.16,0,57882.719999999994
2020-01-01,20:00,21:00,0,1339,44.02,0,63040.11999999999
2020-01-01,21:00,22:00,0,1318,40.68,0,66453.56
2020-01-01,22:00,23:00,0,1249,40.66,0,62999.56
2020-01-01,23:00,00:00,0,1250,36.69,0,68012.5
2020-01-02,00:00,01:00,0,1317,35.40,0,73356.9
2020-01-02,01:00,02:00,0,1417,31.98,0,83773.03999999998
2020-01-02,02:00,03:00,0,1465,30.50,0,88778.99999999999
2020-01-02,03:00,04:00,0,1579,28.79,0,98387.48999999999
2020-01-02,04:00,05:00,0,1646,28.42,0,103171.27999999998
2020-01-02,05:00,06:00,0,1738,28.75,0,108364.29999999999
2020-01-02,06:00,07:00,0,1849,34.16,0,105282.06
2020-01-02,07:00,08:00,0,1965,42.07,0,96343.94999999998
2020-01-02,08:00,09:00,161,2138,44.89,39269.51,98796.97999999998
2020-01-02,09:00,10:00,568,2350,45.26,138330.72,107723.99999999999
2020-01-02,10:00,11:00,1508,2521,45.57,366790.84,114781.12999999999
2020-01-02,11:00,12:00,2006,2653,45.09,488882.26,122064.52999999997
2020-01-02,12:00,13:00,2268,2770,45.16,552575.52,127253.79999999999
2020-01-02,13:00,14:00,2108,2907,44.90,514141.2,134303.4
2020-01-02,14:00,15:00,1696,3055,44.06,415079.04000000004,143707.19999999998
2020-01-02,15:00,16:00,1010,3310,43.94,247308.6,156099.59999999998
2020-01-02,16:00,17:00,392,3787,44.37,95816.56,176966.50999999998
2020-01-02,17:00,18:00,132,4378,46.05,32043,197228.9
2020-01-02,18:00,19:00,0,4844,46.72,0,214976.71999999997
2020-01-02,19:00,20:00,0,5471,46.11,0,246140.28999999998
2020-01-02,20:00,21:00,0,5963,43.70,0,282646.19999999995
2020-01-02,21:00,22:00,0,6244,34.76,0,351786.95999999996
2020-01-02,22:00,23:00,0,6233,33.02,0,362012.63999999996
2020-01-02,23:00,00:00,0,6272,33.39,0,361957.11999999994
2020-01-03,00:00,01:00,0,6594,32.05,0,389375.69999999995
2020-01-03,01:00,02:00,0,6747,30.75,0,407181.44999999995
2020-01-03,02:00,03:00,0,6868,29.03,0,426296.75999999995
2020-01-03,03:00,04:00,0,7155,24.96,0,473231.6999999999
2020-01-03,04:00,05:00,0,7501,22.56,0,514118.5399999999
2020-01-03,05:00,06:00,0,7670,26.16,0,498089.8
2020-01-03,06:00,07:00,0,7808,31.21,0,467621.11999999994
2020-01-03,07:00,08:00,0,8150,36.73,0,443115.5
2020-01-03,08:00,09:00,158,8255,40.70,39199.8,416051.99999999994
2020-01-03,09:00,10:00,496,7894,44.18,121331.52,370386.48
2020-01-03,10:00,11:00,1091,7808,44.05,267022.25,367366.39999999997
2020-01-03,11:00,12:00,1523,7892,41.92,375998.24,388128.55999999994
2020-01-03,12:00,13:00,1763,8130,41.60,435813.60000000003,402434.99999999994
2020-01-03,13:00,14:00,1675,8020,39.23,418029.75000000006,415997.39999999997
2020-01-03,14:00,15:00,1311,7498,39.04,327435.36000000004,390345.87999999995
2020-01-03,15:00,16:00,753,6801,38.41,188543.67,358344.69
2020-01-03,16:00,17:00,328,6001,38.91,81963.92,313192.19
2020-01-03,17:00,18:00,139,5652,43.51,34095.310000000005,268978.68
2020-01-03,18:00,19:00,0,5497,45.20,0,252312.29999999996
2020-01-03,19:00,20:00,0,5101,45.15,0,234390.94999999998
2020-01-03,20:00,21:00,0,4625,39.35,0,239343.74999999997
2020-01-03,21:00,22:00,0,4134,32.34,0,242913.83999999997
2020-01-03,22:00,23:00,0,3877,39.15,0,201410.15
2020-01-03,23:00,00:00,0,3573,37.85,0,190262.24999999997
2020-01-04,00:00,01:00,0,3229,34.81,0,181760.40999999997
2020-01-04,01:00,02:00,0,3155,32.05,0,186302.75
2020-01-04,02:00,03:00,0,3127,30.14,0,190621.91999999998
2020-01-04,03:00,04:00,0,3052,28.55,0,190902.6
2020-01-04,04:00,05:00,0,3120,26.24,0,202363.2
2020-01-04,05:00,06:00,0,3042,27.55,0,193319.1
2020-01-04,06:00,07:00,0,3067,27.16,0,196103.97999999998
2020-01-04,07:00,08:00,0,3043,28.79,0,189609.33
2020-01-04,08:00,09:00,178,3131,31.83,45740.66,185574.37
2020-01-04,09:00,10:00,652,3370,36.67,164388.76,183429.09999999998
2020-01-04,10:00,11:00,1497,3512,39.57,373097.31000000006,180973.36
2020-01-04,11:00,12:00,2269,3439,36.11,573353.61,189110.61
2020-01-04,12:00,13:00,2734,3409,34.77,694518.02,192028.96999999997
2020-01-04,13:00,14:00,2680,3692,32.07,688036.4,217938.75999999998
2020-01-04,14:00,15:00,2284,3716,31.83,586919.4800000001,220247.31999999998
2020-01-04,15:00,16:00,1465,3435,31.95,376285.25000000006,203180.24999999997
2020-01-04,16:00,17:00,557,3058,32.25,142898.35,179963.3
2020-01-04,17:00,18:00,139,2924,41.81,34331.61,144123.95999999996
2020-01-04,18:00,19:00,0,2866,44.24,0,134300.75999999998
2020-01-04,19:00,20:00,0,2835,44.00,0,133528.49999999997
2020-01-04,20:00,21:00,0,2691,39.53,0,138774.87
2020-01-04,21:00,22:00,0,2467,34.46,0,139730.87999999998
2020-01-04,22:00,23:00,0,2189,39.75,0,112405.15
2020-01-04,23:00,00:00,0,2043,37.95,0,108585.44999999998
2020-01-05,00:00,01:00,0,1915,33.10,0,111069.99999999999
2020-01-05,01:00,02:00,0,1859,32.28,0,109346.37999999999
2020-01-05,02:00,03:00,0,1807,31.18,0,108275.43999999999
2020-01-05,03:00,04:00,0,1887,30.10,0,115106.99999999999
2020-01-05,04:00,05:00,0,1930,29.96,0,118000.19999999998
2020-01-05,05:00,06:00,0,1890,29.88,0,115705.8
2020-01-05,06:00,07:00,0,1811,30.38,0,109963.92
2020-01-05,07:00,08:00,0,1832,31.15,0,109828.4
2020-01-05,08:00,09:00,181,1865,32.09,46464.51000000001,110053.64999999998
2020-01-05,09:00,10:00,820,1915,34.27,208714.6,108829.44999999998
2020-01-05,10:00,11:00,2067,1856,37.53,519375.09,99425.91999999998
2020-01-05,11:00,12:00,3045,1556,38.99,760671.45,81083.15999999999
2020-01-05,12:00,13:00,3506,1439,38.15,878778.9,76195.04999999999
2020-01-05,13:00,14:00,3504,1369,35.37,888018.72,76294.37
2020-01-05,14:00,15:00,3056,1280,34.44,777324.16,72524.79999999999
2020-01-05,15:00,16:00,2032,1261,36.10,513486.4,69354.99999999999
2020-01-05,16:00,17:00,746,1175,40.59,185164.66,59349.24999999999
2020-01-05,17:00,18:00,149,1272,44.68,36373.88,59046.23999999999
2020-01-05,18:00,19:00,0,1577,46.16,0,70870.37999999999
2020-01-05,19:00,20:00,0,1728,45.64,0,78554.87999999999
2020-01-05,20:00,21:00,0,1792,42.68,0,86768.63999999998
2020-01-05,21:00,22:00,0,1872,37.26,0,100788.48
2020-01-05,22:00,23:00,0,1967,37.57,0,105293.51
2020-01-05,23:00,00:00,0,2064,35.54,0,114675.84
2020-01-06,00:00,01:00,0,2093,29.16,0,129640.42
2020-01-06,01:00,02:00,0,2238,29.00,0,138979.8
2020-01-06,02:00,03:00,0,2291,29.08,0,142087.81999999998
2020-01-06,03:00,04:00,0,2285,27.72,0,144823.3
2020-01-06,04:00,05:00,0,2341,27.03,0,149987.87
2020-01-06,05:00,06:00,0,2605,28.98,0,161822.59999999998
2020-01-06,06:00,07:00,0,2947,33.18,0,170690.24
2020-01-06,07:00,08:00,0,3437,43.13,0,164872.88999999998
2020-01-06,08:00,09:00,177,4020,44.52,43237.56,187251.59999999998
2020-01-06,09:00,10:00,749,4569,44.96,182636.16,210813.65999999997
2020-01-06,10:00,11:00,1899,4373,44.00,464875.2,205968.3
2020-01-06,11:00,12:00,2877,3886,42.46,708720.18,189015.03999999998
2020-01-06,12:00,13:00,3326,3536,41.30,823185,176092.8
2020-01-06,13:00,14:00,3272,3379,40.51,812404.8800000001,170943.61
2020-01-06,14:00,15:00,2758,3302,41.22,682825.64,164703.75999999998
2020-01-06,15:00,16:00,1706,3225,43.28,418857.12,154219.49999999997
2020-01-06,16:00,17:00,568,3655,43.68,139228.16,173320.09999999998
2020-01-06,17:00,18:00,138,4521,47.90,33244.200000000004,195307.19999999998
2020-01-06,18:00,19:00,0,4850,48.91,0,204621.5
2020-01-06,19:00,20:00,0,5074,49.01,0,213564.65999999997
2020-01-06,20:00,21:00,0,5690,47.03,0,250758.29999999996
2020-01-06,21:00,22:00,0,5867,40.41,0,297398.23
2020-01-06,22:00,23:00,0,5415,38.26,0,286128.6
2020-01-06,23:00,00:00,0,5286,35.91,0,291734.33999999997
2020-01-07,00:00,01:00,0,4916,32.10,0,290043.99999999994
2020-01-07,01:00,02:00,0,4683,31.07,0,281120.49
2020-01-07,02:00,03:00,0,4131,29.99,0,252445.41
2020-01-07,03:00,04:00,0,3718,29.05,0,230701.9
2020-01-07,04:00,05:00,0,3421,29.65,0,210220.44999999998
2020-01-07,05:00,06:00,0,3176,31.79,0,188368.56
2020-01-07,06:00,07:00,0,3041,40.87,0,152749.43
2020-01-07,07:00,08:00,0,2900,49.01,0,122060.99999999999
2020-01-07,08:00,09:00,164,2953,51.09,38984.44,118149.52999999997
2020-01-07,09:00,10:00,465,2941,51.12,110521.2,117581.18
2020-01-07,10:00,11:00,1049,2915,49.83,250679.53000000003,120302.04999999999
2020-01-07,11:00,12:00,1549,2899,49.16,371202.36000000004,121584.06
2020-01-07,12:00,13:00,1937,2995,48.43,465596.69,127796.64999999998
2020-01-07,13:00,14:00,2033,3077,47.99,489566.73,132649.46999999997
2020-01-07,14:00,15:00,1681,3227,47.24,406062.36,141536.21999999997
2020-01-07,15:00,16:00,985,3539,45.48,239670.2,161449.18
2020-01-07,16:00,17:00,400,3833,45.90,97160,173251.59999999998
2020-01-07,17:00,18:00,170,4277,47.96,40942.8,184509.77999999997
2020-01-07,18:00,19:00,0,4696,48.11,0,201881.03999999998
2020-01-07,19:00,20:00,0,5149,49.05,0,216515.44999999998
2020-01-07,20:00,21:00,0,5252,47.34,0,229827.51999999996
2020-01-07,21:00,22:00,0,5187,35.31,0,289382.73
2020-01-07,22:00,23:00,0,5184,35.21,0,289733.75999999995
2020-01-07,23:00,00:00,0,5253,34.52,0,297214.73999999993
2020-01-08,00:00,01:00,0,5380,28.90,0,334636
2020-01-08,01:00,02:00,0,5464,27.28,0,348712.48
2020-01-08,02:00,03:00,0,5593,26.16,0,363209.42
2020-01-08,03:00,04:00,0,5468,20.86,0,384072.31999999995
2020-01-08,04:00,05:00,0,5256,20.35,0,371862
2020-01-08,05:00,06:00,0,4981,28.52,0,311710.98
2020-01-08,06:00,07:00,0,4807,33.05,0,279046.35
2020-01-08,07:00,08:00,0,4556,41.17,0,227481.07999999996
2020-01-08,08:00,09:00,204,4253,44.50,49837.200000000004,198189.8
2020-01-08,09:00,10:00,692,3936,43.90,169470.80000000002,185779.19999999998
2020-01-08,10:00,11:00,1661,3606,43.74,407044.66000000003,170780.15999999997
2020-01-08,11:00,12:00,2319,3278,43.76,568247.76,155180.52
2020-01-08,12:00,13:00,2622,3327,44.50,640554.6,155038.19999999998
2020-01-08,13:00,14:00,2650,3166,44.95,646202.5000000001,146110.89999999997
2020-01-08,14:00,15:00,2342,2826,46.04,568543.92,127339.55999999998
2020-01-08,15:00,16:00,1645,2638,46.33,398863.15,118103.26
2020-01-08,16:00,17:00,677,2600,47.90,163089.30000000002,112319.99999999999
2020-01-08,17:00,18:00,173,2636,53.53,40701.71,99034.51999999997
2020-01-08,18:00,19:00,0,2647,55.92,0,93121.45999999998
2020-01-08,19:00,20:00,0,2902,54.94,0,104936.31999999999
2020-01-08,20:00,21:00,0,3307,48.10,0,142200.99999999997
2020-01-08,21:00,22:00,0,3921,44.92,0,181071.77999999997
2020-01-08,22:00,23:00,0,4456,41.67,0,220260.07999999996
2020-01-08,23:00,00:00,0,5061,39.41,0,261603.09
2020-01-09,00:00,01:00,0,5676,34.08,0,323645.51999999996
2020-01-09,01:00,02:00,0,6142,32.20,0,361763.79999999993
2020-01-09,02:00,03:00,0,6569,32.56,0,384549.25999999995
2020-01-09,03:00,04:00,0,7281,30.42,0,441811.07999999996
2020-01-09,04:00,05:00,0,7949,28.80,0,495222.69999999995
2020-01-09,05:00,06:00,0,8444,28.87,0,525470.1199999999
2020-01-09,06:00,07:00,0,8678,34.99,0,486922.57999999996
2020-01-09,07:00,08:00,0,8975,46.16,0,403336.5
2020-01-09,08:00,09:00,182,9298,47.51,43914.780000000006,405299.81999999995
2020-01-09,09:00,10:00,754,9395,45.68,183312.48,426720.89999999997
2020-01-09,10:00,11:00,1820,9441,43.61,446245.8,448353.08999999997
2020-01-09,11:00,12:00,2765,9481,40.17,687461.95,482867.32999999996
2020-01-09,12:00,13:00,3212,9538,37.67,806629.5599999999,509615.3399999999
2020-01-09,13:00,14:00,3171,9343,34.04,807843.9600000001,533111.58
2020-01-09,14:00,15:00,2659,9097,32.90,680438.1,529445.3999999999
2020-01-09,15:00,16:00,1699,9038,32.54,435385.74,529265.2799999999
2020-01-09,16:00,17:00,557,9289,33.21,142363.63,537740.21
2020-01-09,17:00,18:00,137,9522,42.85,33695.15,459436.49999999994
2020-01-09,18:00,19:00,0,9922,44.23,0,465044.13999999996
2020-01-09,19:00,20:00,0,10321,41.60,0,510889.49999999994
2020-01-09,20:00,21:00,0,10252,33.89,0,586516.9199999999
2020-01-09,21:00,22:00,0,10160,31.34,0,607161.5999999999
2020-01-09,22:00,23:00,0,9632,31.30,0,575993.6
2020-01-09,23:00,00:00,0,9296,30.12,0,566870.08
2020-01-10,00:00,01:00,0,9073,27.81,0,574230.1699999999
2020-01-10,01:00,02:00,0,8435,27.62,0,535453.7999999999
2020-01-10,02:00,03:00,0,8159,27.54,0,518586.04
2020-01-10,03:00,04:00,0,7832,26.47,0,506182.16
2020-01-10,04:00,05:00,0,7596,26.70,0,489182.3999999999
2020-01-10,05:00,06:00,0,7286,28.20,0,458289.39999999997
2020-01-10,06:00,07:00,0,7119,32.00,0,420732.89999999997
2020-01-10,07:00,08:00,0,6903,43.66,0,327478.32
2020-01-10,08:00,09:00,151,6821,47.40,36451.4,298077.69999999995
2020-01-10,09:00,10:00,409,6204,47.92,98519.92,267888.72
2020-01-10,10:00,11:00,1052,5454,46.87,254510.36000000002,241230.41999999998
2020-01-10,11:00,12:00,1776,5209,44.20,434409.60000000003,244302.09999999995
2020-01-10,12:00,13:00,2073,5052,41.60,512445.60000000003,250073.99999999997
2020-01-10,13:00,14:00,2131,4632,38.01,534433.49,245912.87999999998
2020-01-10,14:00,15:00,1751,3863,36.21,442285.09,212040.06999999998
2020-01-10,15:00,16:00,1224,3042,36.27,309096.72000000003,166792.86
2020-01-10,16:00,17:00,538,2464,40.62,133520.84,124382.71999999999
2020-01-10,17:00,18:00,170,2238,47.30,41055,98024.4
2020-01-10,18:00,19:00,0,2139,49.97,0,87977.06999999999
2020-01-10,19:00,20:00,0,2033,47.36,0,88923.41999999998
2020-01-10,20:00,21:00,0,1750,45.21,0,80307.49999999999
2020-01-10,21:00,22:00,0,1735,41.56,0,85951.89999999998
2020-01-10,22:00,23:00,0,1790,39.90,0,91647.99999999999
2020-01-10,23:00,00:00,0,1763,33.12,0,102218.73999999999
2020-01-11,00:00,01:00,0,1785,35.01,0,100120.65
2020-01-11,01:00,02:00,0,1909,34.00,0,109003.9
2020-01-11,02:00,03:00,0,2100,31.43,0,125306.99999999999
2020-01-11,03:00,04:00,0,2271,29.14,0,140711.15999999997
2020-01-11,04:00,05:00,0,2452,28.86,0,152612.47999999998
2020-01-11,05:00,06:00,0,2674,28.43,0,167579.58
2020-01-11,06:00,07:00,0,2904,29.32,0,179409.12
2020-01-11,07:00,08:00,0,3228,31.32,0,192969.83999999997
2020-01-11,08:00,09:00,210,3522,35.68,53155.200000000004,195189.24
2020-01-11,09:00,10:00,864,3853,40.00,214963.2,196888.3
2020-01-11,10:00,11:00,2189,3918,38.08,548826.0800000001,207732.36
2020-01-11,11:00,12:00,3261,3750,37.90,818184.9,199499.99999999997
2020-01-11,12:00,13:00,3775,3751,38.60,944505.0000000001,196927.49999999997
2020-01-11,13:00,14:00,3766,3781,33.06,963116.8400000001,219449.23999999996
2020-01-11,14:00,15:00,3255,3718,31.59,837218.5500000002,221258.17999999996
2020-01-11,15:00,16:00,2216,3418,32.51,567938.64,200260.62
2020-01-11,16:00,17:00,866,3183,33.71,220907.94,182672.36999999997
2020-01-11,17:00,18:00,184,3272,41.05,45586,163763.59999999998
2020-01-11,18:00,19:00,0,3594,44.62,0,167049.12
2020-01-11,19:00,20:00,0,3937,44.65,0,182873.65
2020-01-11,20:00,21:00,0,4085,40.15,0,208130.74999999997
2020-01-11,21:00,22:00,0,4175,29.38,0,257681
2020-01-11,22:00,23:00,0,4348,36.08,0,239226.96
2020-01-11,23:00,00:00,0,4695,39.13,0,243999.14999999997
2020-01-12,00:00,01:00,0,4888,25.26,0,321825.9199999999
2020-01-12,01:00,02:00,0,5130,23.53,0,346634.1
2020-01-12,02:00,03:00,0,5425,24.15,0,363203.74999999994
2020-01-12,03:00,04:00,0,5610,20.65,0,395224.49999999994
2020-01-12,04:00,05:00,0,5863,20.57,0,413517.39
2020-01-12,05:00,06:00,0,6149,21.04,0,430798.94
2020-01-12,06:00,07:00,0,6338,20.64,0,446575.48
2020-01-12,07:00,08:00,0,6619,29.60,0,407068.49999999994
2020-01-12,08:00,09:00,223,6971,28.80,57980,434293.3
2020-01-12,09:00,10:00,945,6856,27.47,246956.85000000003,436247.27999999997
2020-01-12,10:00,11:00,2252,6728,30.25,582254.6,409398.8
2020-01-12,11:00,12:00,3167,6511,28.93,823008.29,404788.86999999994
2020-01-12,12:00,13:00,3371,6384,33.53,860515.17,367526.87999999995
2020-01-12,13:00,14:00,3298,6259,26.72,864339.8400000001,402954.42
2020-01-12,14:00,15:00,2833,5847,24.31,749300.17,390521.12999999995
2020-01-12,15:00,16:00,1818,5339,25.33,478988.46,351146.02999999997
2020-01-12,16:00,17:00,685,5050,27.36,179086.4,321887
2020-01-12,17:00,18:00,174,4676,33.73,44382.18,268262.12
2020-01-12,18:00,19:00,0,4214,38.91,0,219928.66
2020-01-12,19:00,20:00,0,3987,40.87,0,200267.00999999998
2020-01-12,20:00,21:00,0,3781,38.11,0,200355.18999999997
2020-01-12,21:00,22:00,0,3666,30.38,0,222599.52
2020-01-12,22:00,23:00,0,3585,35.17,0,200509.04999999996
2020-01-12,23:00,00:00,0,3304,37.81,0,176070.15999999997
2020-01-13,00:00,01:00,0,3026,30.22,0,184222.87999999998
2020-01-13,01:00,02:00,0,2776,26.98,0,177997.11999999997
2020-01-13,02:00,03:00,0,2496,25.65,0,163363.19999999998
2020-01-13,03:00,04:00,0,2379,25.03,0,157180.52999999997
2020-01-13,04:00,05:00,0,2467,25.12,0,162772.65999999997
2020-01-13,05:00,06:00,0,2531,27.74,0,160364.16
2020-01-13,06:00,07:00,0,2787,38.40,0,146874.9
2020-01-13,07:00,08:00,0,2997,48.64,0,127252.61999999998
2020-01-13,08:00,09:00,211,3359,52.93,49768.57,128213.02999999998
2020-01-13,09:00,10:00,710,3938,49.89,169626.1,162284.97999999998
2020-01-13,10:00,11:00,1527,3992,48.89,366342.57000000007,168502.31999999998
2020-01-13,11:00,12:00,2282,4379,47.20,551331.2000000001,192238.09999999998
2020-01-13,12:00,13:00,2859,5486,47.00,691306.2000000001,241932.59999999998
2020-01-13,13:00,14:00,2989,6283,45.95,725878.65,283677.44999999995
2020-01-13,14:00,15:00,2506,6847,45.00,610962.8,315646.69999999995
2020-01-13,15:00,16:00,1620,7349,42.97,398244.60000000003,353707.37
2020-01-13,16:00,17:00,626,8019,43.68,153445.12,380260.98
2020-01-13,17:00,18:00,184,9109,46.81,44526.16,403437.6099999999
2020-01-13,18:00,19:00,0,9990,45.27,0,457841.6999999999
2020-01-13,19:00,20:00,0,10574,42.57,0,513156.2199999999
2020-01-13,20:00,21:00,0,10798,34.03,0,616241.8599999999
2020-01-13,21:00,22:00,0,11034,29.23,0,682673.5799999998
2020-01-13,22:00,23:00,0,10944,28.67,0,683233.9199999999
2020-01-13,23:00,00:00,0,11186,26.76,0,719707.2399999999
2020-01-14,00:00,01:00,0,11334,24.38,0,756204.48
2020-01-14,01:00,02:00,0,11341,19.53,0,811675.3699999999
2020-01-14,02:00,03:00,0,11348,15.35,0,859611
2020-01-14,03:00,04:00,0,11479,9.38,0,938063.88
2020-01-14,04:00,05:00,0,11364,8.66,0,936848.1599999999
2020-01-14,05:00,06:00,0,11124,17.29,0,821062.4400000001
2020-01-14,06:00,07:00,0,10809,28.44,0,677291.94
2020-01-14,07:00,08:00,0,10862,36.73,0,590566.94
2020-01-14,08:00,09:00,197,10849,39.06,49198.78,564581.96
2020-01-14,09:00,10:00,661,11089,39.11,165045.09,576517.11
2020-01-14,10:00,11:00,1621,11468,38.86,405152.74,599088.32
2020-01-14,11:00,12:00,2355,11771,39.06,588137.7000000001,612562.8399999999
2020-01-14,12:00,13:00,2594,11803,37.75,651223.7000000001,629690.0499999999
2020-01-14,13:00,14:00,2676,11887,35.46,677937.84,661392.6799999999
2020-01-14,14:00,15:00,2277,11906,35.82,576035.4600000001,658163.6799999999
2020-01-14,15:00,16:00,1662,11965,32.99,425156.22000000003,695286.1499999999
2020-01-14,16:00,17:00,724,11966,32.69,185423.64,698934.0599999999
2020-01-14,17:00,18:00,171,11861,38.77,42755.13,620686.1299999999
2020-01-14,18:00,19:00,0,11956,39.37,0,618483.88
2020-01-14,19:00,20:00,0,11901,39.25,0,617066.85
2020-01-14,20:00,21:00,0,11972,32.56,0,700840.8799999999
2020-01-14,21:00,22:00,0,11916,31.10,0,714959.9999999999
2020-01-14,22:00,23:00,0,11615,32.13,0,684936.5499999999
2020-01-14,23:00,00:00,0,11301,29.55,0,695576.5499999999
2020-01-15,00:00,01:00,0,11285,24.95,0,746502.7499999999
2020-01-15,01:00,02:00,0,11297,19.36,0,810446.7799999999
2020-01-15,02:00,03:00,0,11516,16.01,0,864736.4399999998
2020-01-15,03:00,04:00,0,11599,11.09,0,928035.9899999999
2020-01-15,04:00,05:00,0,11653,10.52,0,938998.74
2020-01-15,05:00,06:00,0,11675,19.15,0,840016.2499999999
2020-01-15,06:00,07:00,0,11744,30.02,0,717323.52
2020-01-15,07:00,08:00,0,11985,38.53,0,630051.45
2020-01-15,08:00,09:00,169,12043,41.64,41770.04,595646.7799999999
2020-01-15,09:00,10:00,535,11712,39.54,133354.1,603870.72
2020-01-15,10:00,11:00,1341,11326,35.24,340023.96,632670.3599999999
2020-01-15,11:00,12:00,2094,11286,34.06,533425.56,643753.44
2020-01-15,12:00,13:00,2497,11327,32.00,641229.6,669425.7
2020-01-15,13:00,14:00,2253,10717,31.27,580215.0900000001,641198.11
2020-01-15,14:00,15:00,1647,9731,33.47,420528.51,560797.5299999999
2020-01-15,15:00,16:00,1077,8342,34.46,273924.18,472490.87999999995
2020-01-15,16:00,17:00,412,7189,36.54,103931.12000000001,392231.83999999997
2020-01-15,17:00,18:00,147,6320,43.32,36085.560000000005,301969.6
2020-01-15,18:00,19:00,0,5444,44.14,0,255650.23999999996
2020-01-15,19:00,20:00,0,4973,44.25,0,232985.04999999996
2020-01-15,20:00,21:00,0,4649,38.02,0,246768.91999999995
2020-01-15,21:00,22:00,0,4403,33.40,0,254053.09999999998
2020-01-15,22:00,23:00,0,4188,35.42,0,233187.83999999997
2020-01-15,23:00,00:00,0,3821,32.39,0,224330.90999999997
2020-01-16,00:00,01:00,0,3444,31.17,0,206398.91999999998
2020-01-16,01:00,02:00,0,3070,31.18,0,183954.4
2020-01-16,02:00,03:00,0,2855,30.80,0,172156.5
2020-01-16,03:00,04:00,0,2920,29.90,0,178704
2020-01-16,04:00,05:00,0,3267,29.72,0,200528.46
2020-01-16,05:00,06:00,0,3666,31.10,0,219959.99999999997
2020-01-16,06:00,07:00,0,4244,38.70,0,222385.59999999998
2020-01-16,07:00,08:00,0,5007,45.42,0,228719.75999999995
2020-01-16,08:00,09:00,196,5703,52.40,46334.4,220706.09999999998
2020-01-16,09:00,10:00,916,6245,47.00,221488.80000000002,275404.49999999994
2020-01-16,10:00,11:00,2261,6306,43.51,554600.6900000001,300102.54
2020-01-16,11:00,12:00,3257,6197,42.10,803501.9,303652.99999999994
2020-01-16,12:00,13:00,3681,6409,40.36,914507.64,325192.66
2020-01-16,13:00,14:00,3627,6884,40.08,902107.4400000001,351221.68
2020-01-16,14:00,15:00,3092,7183,36.81,779153.0800000001,389965.06999999995
2020-01-16,15:00,16:00,2135,7623,32.49,547221.85,446784.02999999997
2020-01-16,16:00,17:00,863,8007,32.87,220867.59,466247.61
2020-01-16,17:00,18:00,181,8768,40.84,44880.76,440679.67999999993
2020-01-16,18:00,19:00,0,9763,43.15,0,468135.85
2020-01-16,19:00,20:00,0,10172,40.45,0,515211.79999999993
2020-01-16,20:00,21:00,0,10205,35.39,0,568520.5499999999
2020-01-16,21:00,22:00,0,10273,31.14,0,615969.08
2020-01-16,22:00,23:00,0,9912,32.17,0,584114.1599999999
2020-01-16,23:00,00:00,0,9538,32.68,0,557209.96
2020-01-17,00:00,01:00,0,9160,27.60,0,581659.9999999999
2020-01-17,01:00,02:00,0,8678,27.42,0,552615.0399999999
2020-01-17,02:00,03:00,0,8598,26.86,0,552335.5199999999
2020-01-17,03:00,04:00,0,8505,25.71,0,556141.9499999998
2020-01-17,04:00,05:00,0,8083,26.01,0,526122.4699999999
2020-01-17,05:00,06:00,0,7903,27.97,0,498916.38999999996
2020-01-17,06:00,07:00,0,7638,31.09,0,458356.37999999995
2020-01-17,07:00,08:00,0,7809,40.25,0,397087.64999999997
2020-01-17,08:00,09:00,163,7455,43.80,39935,352621.5
2020-01-17,09:00,10:00,381,7100,43.19,93577.41,340161
2020-01-17,10:00,11:00,764,6950,43.68,187271.68,329568.99999999994
2020-01-17,11:00,12:00,1139,6978,42.72,280285.12,337595.63999999996
2020-01-17,12:00,13:00,1536,7504,41.37,380052.48,373173.92
2020-01-17,13:00,14:00,1669,8412,39.98,415280.58,430021.44
2020-01-17,14:00,15:00,1530,8574,39.02,382163.4,446533.9199999999
2020-01-17,15:00,16:00,1152,8399,39.11,287642.88,436664.00999999995
2020-01-17,16:00,17:00,567,7807,41.37,140292.81,388242.11
2020-01-17,17:00,18:00,164,6918,43.98,40150.48,325976.16
2020-01-17,18:00,19:00,0,6757,46.00,0,304740.69999999995
2020-01-17,19:00,20:00,0,6571,44.66,0,305157.24
2020-01-17,20:00,21:00,0,6240,40.99,0,312686.39999999997
2020-01-17,21:00,22:00,0,6107,33.90,0,349320.39999999997
2020-01-17,22:00,23:00,0,5804,33.38,0,335006.87999999995
2020-01-17,23:00,00:00,0,5919,33.00,0,343893.89999999997
2020-01-18,00:00,01:00,0,5957,32.87,0,346876.11
2020-01-18,01:00,02:00,0,5821,29.73,0,357234.76999999996
2020-01-18,02:00,03:00,0,5487,31.30,0,328122.6
2020-01-18,03:00,04:00,0,5162,26.45,0,333723.29999999993
2020-01-18,04:00,05:00,0,4603,26.52,0,297261.74
2020-01-18,05:00,06:00,0,4203,27.05,0,269202.14999999997
2020-01-18,06:00,07:00,0,3704,32.45,0,217239.59999999998
2020-01-18,07:00,08:00,0,3294,33.21,0,190689.65999999997
2020-01-18,08:00,09:00,200,2895,37.74,50212,154477.19999999998
2020-01-18,09:00,10:00,730,2517,38.92,182412.4,131337.05999999997
2020-01-18,10:00,11:00,1708,1880,40.00,424950.4,96067.99999999999
2020-01-18,11:00,12:00,2684,1249,39.30,669658,64698.2
2020-01-18,12:00,13:00,3459,997,39.59,862017.39,51355.469999999994
2020-01-18,13:00,14:00,3720,967,37.86,933496.8,51483.079999999994
2020-01-18,14:00,15:00,3072,1030,35.69,777553.92,57072.299999999996
2020-01-18,15:00,16:00,2056,1209,35.69,520394.16000000003,66990.69
2020-01-18,16:00,17:00,756,1467,37.41,190050.84000000003,78763.23
2020-01-18,17:00,18:00,163,1892,41.30,40342.5,94221.59999999999
2020-01-18,18:00,19:00,0,2466,43.04,0,118515.95999999999
2020-01-18,19:00,20:00,0,3150,41.91,0,154948.5
2020-01-18,20:00,21:00,0,3469,39.81,0,177925.00999999998
2020-01-18,21:00,22:00,0,3771,35.13,0,211062.86999999997
2020-01-18,22:00,23:00,0,3710,37.92,0,197297.79999999996
2020-01-18,23:00,00:00,0,3583,35.69,0,198534.03
2020-01-19,00:00,01:00,0,3528,33.33,0,203812.56
2020-01-19,01:00,02:00,0,3625,30.98,0,217934.99999999997
2020-01-19,02:00,03:00,0,3864,29.90,0,236476.8
2020-01-19,03:00,04:00,0,4139,28.79,0,257901.08999999997
2020-01-19,04:00,05:00,0,4548,27.71,0,288297.72
2020-01-19,05:00,06:00,0,4735,27.26,0,302282.39999999997
2020-01-19,06:00,07:00,0,4683,27.82,0,296340.24
2020-01-19,07:00,08:00,0,4672,30.03,0,285319.04
2020-01-19,08:00,09:00,181,4775,31.79,46518.81,283205.25
2020-01-19,09:00,10:00,729,5250,35.20,184874.40000000002,293474.99999999994
2020-01-19,10:00,11:00,1891,5132,35.20,479557.60000000003,286878.79999999993
2020-01-19,11:00,12:00,3126,4484,34.47,795035.5800000001,253928.91999999998
2020-01-19,12:00,13:00,3711,4592,33.36,947937.84,265142.07999999996
2020-01-19,13:00,14:00,3801,5077,29.90,984078.9000000001,310712.39999999997
2020-01-19,14:00,15:00,3337,5434,28.51,868587.7300000001,340114.05999999994
2020-01-19,15:00,16:00,2417,5683,29.12,627646.56,352232.33999999997
2020-01-19,16:00,17:00,1052,5367,29.14,273162.32,332539.31999999995
2020-01-19,17:00,18:00,214,5342,33.55,54623.5,307432.1
2020-01-19,18:00,19:00,0,5709,44.24,0,267523.73999999993
2020-01-19,19:00,20:00,0,6031,43.89,0,284723.50999999995
2020-01-19,20:00,21:00,0,6404,41.14,0,319943.83999999997
2020-01-19,21:00,22:00,0,6526,36.74,0,354753.3599999999
2020-01-19,22:00,23:00,0,6489,40.00,0,331587.89999999997
2020-01-19,23:00,00:00,0,6406,36.15,0,352009.69999999995
2020-01-20,00:00,01:00,0,6249,34.24,0,355318.13999999996
2020-01-20,01:00,02:00,0,6070,34.01,0,346536.3
2020-01-20,02:00,03:00,0,5748,33.08,0,333498.95999999996
2020-01-20,03:00,04:00,0,5568,32.10,0,328511.99999999994
2020-01-20,04:00,05:00,0,5383,31.50,0,320826.8
2020-01-20,05:00,06:00,0,5389,34.12,0,307065.22
2020-01-20,06:00,07:00,0,5532,45.63,0,251540.03999999995
2020-01-20,07:00,08:00,0,5561,52.77,0,213153.12999999995
2020-01-20,08:00,09:00,195,5397,59.32,44748.600000000006,171516.65999999997
2020-01-20,09:00,10:00,800,5015,57.01,185432.00000000003,170961.34999999998
2020-01-20,10:00,11:00,1945,4600,50.63,463240.65,186161.99999999997
2020-01-20,11:00,12:00,2920,4424,48.17,702639.6,189922.31999999998
2020-01-20,12:00,13:00,3496,4521,43.96,855960.64,213119.93999999997
2020-01-20,13:00,14:00,3344,4844,43.02,821888.32,232899.51999999996
2020-01-20,14:00,15:00,2717,5054,43.11,667539.73,242541.45999999996
2020-01-20,15:00,16:00,1797,5075,44.70,438647.70000000007,235479.99999999997
2020-01-20,16:00,17:00,744,4952,46.00,180643.2,223335.19999999998
2020-01-20,17:00,18:00,189,4921,55.91,44016.21000000001,173169.99
2020-01-20,18:00,19:00,0,5027,57.05,0,171169.34999999998
2020-01-20,19:00,20:00,0,4948,54.02,0,183471.83999999997
2020-01-20,20:00,21:00,0,4923,48.68,0,208833.65999999997
2020-01-20,21:00,22:00,0,4840,44.35,0,226269.99999999997
2020-01-20,22:00,23:00,0,4576,41.74,0,225871.35999999996
2020-01-20,23:00,00:00,0,4476,39.61,0,230469.24
2020-01-21,00:00,01:00,0,4304,35.38,0,239818.87999999998
2020-01-21,01:00,02:00,0,4044,34.92,0,227191.91999999998
2020-01-21,02:00,03:00,0,3836,35.62,0,212821.28
2020-01-21,03:00,04:00,0,3645,34.34,0,206890.19999999995
2020-01-21,04:00,05:00,0,3520,34.76,0,198316.8
2020-01-21,05:00,06:00,0,3383,36.46,0,184847.11999999997
2020-01-21,06:00,07:00,0,3312,42.39,0,161327.52
2020-01-21,07:00,08:00,0,3350,50.91,0,134636.5
2020-01-21,08:00,09:00,185,3277,60.07,42315.05,101685.30999999998
2020-01-21,09:00,10:00,634,3005,58.68,145896.08000000002,97422.09999999998
2020-01-21,10:00,11:00,1476,2513,53.63,347110.92000000004,94162.10999999999
2020-01-21,11:00,12:00,2168,2141,52.00,513382.4,83713.09999999999
2020-01-21,12:00,13:00,2598,2033,47.32,627365.04,89004.73999999999
2020-01-21,13:00,14:00,2702,1968,45.63,657045.3400000001,89484.95999999998
2020-01-21,14:00,15:00,2338,1929,45.97,567736.54,87055.76999999999
2020-01-21,15:00,16:00,1585,2051,47.71,382127.65,88992.88999999998
2020-01-21,16:00,17:00,643,2227,49.98,153561.26,91574.23999999999
2020-01-21,17:00,18:00,168,2477,57.62,38838.24,82929.95999999999
2020-01-21,18:00,19:00,0,3072,62.05,0,89241.59999999999
2020-01-21,19:00,20:00,0,3531,57.60,0,118288.49999999997
2020-01-21,20:00,21:00,0,3708,49.95,0,152584.19999999998
2020-01-21,21:00,22:00,0,3699,46.03,0,166713.92999999996
2020-01-21,22:00,23:00,0,3622,43.40,0,172769.4
2020-01-21,23:00,00:00,0,3491,42.08,0,171128.81999999998
2020-01-22,00:00,01:00,0,3244,38.70,0,169985.59999999998
2020-01-22,01:00,02:00,0,3079,36.67,0,167589.96999999997
2020-01-22,02:00,03:00,0,3069,35.76,0,169838.46
2020-01-22,03:00,04:00,0,3084,33.85,0,176558.99999999997
2020-01-22,04:00,05:00,0,3209,33.70,0,184196.59999999998
2020-01-22,05:00,06:00,0,3521,35.04,0,197387.25999999998
2020-01-22,06:00,07:00,0,3772,40.55,0,190674.59999999998
2020-01-22,07:00,08:00,0,3934,49.26,0,164598.56
2020-01-22,08:00,09:00,180,3806,58.76,41407.200000000004,123086.03999999998
2020-01-22,09:00,10:00,604,3689,60.89,137657.64,111444.68999999997
2020-01-22,10:00,11:00,1358,3503,54.94,317581.88,126668.47999999998
2020-01-22,11:00,12:00,1904,3173,53.32,448353.92000000004,119875.93999999999
2020-01-22,12:00,13:00,2104,2966,50.77,500815.12,119618.77999999997
2020-01-22,13:00,14:00,2110,2877,49.97,503931.30000000005,118331.00999999998
2020-01-22,14:00,15:00,1844,3001,50.00,440347.2,123341.09999999998
2020-01-22,15:00,16:00,1252,3295,52.40,295972.8,127516.49999999999
2020-01-22,16:00,17:00,516,3554,55.63,120315.72,126060.37999999998
2020-01-22,17:00,18:00,156,4192,62.07,35369.880000000005,121693.75999999998
2020-01-22,18:00,19:00,0,4944,65.09,0,128593.43999999996
2020-01-22,19:00,20:00,0,5533,59.58,0,174400.15999999997
2020-01-22,20:00,21:00,0,6001,52.52,0,231518.57999999996
2020-01-22,21:00,22:00,0,6408,47.01,0,282528.72
2020-01-22,22:00,23:00,0,6358,43.99,0,299525.37999999995
2020-01-22,23:00,00:00,0,6155,41.20,0,307134.49999999994
2020-01-23,00:00,01:00,0,6284,40.01,0,321049.56
2020-01-23,01:00,02:00,0,6295,39.06,0,327591.79999999993
2020-01-23,02:00,03:00,0,6206,38.00,0,329538.6
2020-01-23,03:00,04:00,0,5971,36.24,0,327569.05999999994
2020-01-23,04:00,05:00,0,5462,36.51,0,298170.57999999996
2020-01-23,05:00,06:00,0,4961,41.62,0,245470.28
2020-01-23,06:00,07:00,0,4775,47.00,0,210577.49999999997
2020-01-23,07:00,08:00,0,4910,58.74,0,158887.59999999998
2020-01-23,08:00,09:00,198,4944,66.62,43991.64,121029.11999999995
2020-01-23,09:00,10:00,543,4779,64.86,121599.42,125400.95999999998
2020-01-23,10:00,11:00,1080,4436,61.68,245289.6,130507.11999999998
2020-01-23,11:00,12:00,1448,3870,57.42,335038.24,130341.59999999998
2020-01-23,12:00,13:00,1727,3372,55.36,403150.88,120515.27999999998
2020-01-23,13:00,14:00,1853,3040,53.68,435677.36,113756.79999999999
2020-01-23,14:00,15:00,1709,2911,51.20,406058.4,116148.89999999998
2020-01-23,15:00,16:00,1106,2974,53.54,260197.56000000003,111703.43999999999
2020-01-23,16:00,17:00,502,2953,54.75,117493.1,107341.54999999999
2020-01-23,17:00,18:00,169,3196,62.35,38270.05,91884.99999999997
2020-01-23,18:00,19:00,0,3296,68.64,0,74028.15999999997
2020-01-23,19:00,20:00,0,3270,60.40,0,100388.99999999999
2020-01-23,20:00,21:00,0,3022,55.53,0,107492.53999999998
2020-01-23,21:00,22:00,0,2918,47.16,0,128216.92
2020-01-23,22:00,23:00,0,2770,43.90,0,130743.99999999999
2020-01-23,23:00,00:00,0,2807,42.60,0,136139.49999999997
2020-01-24,00:00,01:00,0,2785,37.14,0,150278.59999999998
2020-01-24,01:00,02:00,0,2600,40.82,0,130727.99999999999
2020-01-24,02:00,03:00,0,2449,39.01,0,127568.40999999999
2020-01-24,03:00,04:00,0,2319,36.92,0,125643.41999999998
2020-01-24,04:00,05:00,0,2195,36.38,0,120110.39999999998
2020-01-24,05:00,06:00,0,2142,36.66,0,116610.48
2020-01-24,06:00,07:00,0,2045,46.09,0,92045.44999999998
2020-01-24,07:00,08:00,0,2126,58.29,0,69754.05999999998
2020-01-24,08:00,09:00,190,1992,66.74,42191.4,48525.119999999995
2020-01-24,09:00,10:00,650,1731,65.00,145470,45179.09999999999
2020-01-24,10:00,11:00,1525,1426,61.12,347212,42751.479999999996
2020-01-24,11:00,12:00,2290,1120,58.84,526608.4,36131.19999999999
2020-01-24,12:00,13:00,2732,978,56.61,634343.08,33731.219999999994
2020-01-24,13:00,14:00,2837,869,53.29,668141.8700000001,32856.89
2020-01-24,14:00,15:00,2457,787,52.00,581817.6,30771.699999999997
2020-01-24,15:00,16:00,1741,714,53.06,410423.34,27160.559999999994
2020-01-24,16:00,17:00,772,695,54.01,181257.88,25777.549999999996
2020-01-24,17:00,18:00,193,698,60.79,44005.93,21156.379999999997
2020-01-24,18:00,19:00,0,743,65.10,0,19318
2020-01-24,19:00,20:00,0,785,59.97,0,24437.049999999996
2020-01-24,20:00,21:00,0,796,52.15,0,31004.199999999997
2020-01-24,21:00,22:00,0,842,45.10,0,38731.99999999999
2020-01-24,22:00,23:00,0,904,44.59,0,42045.03999999999
2020-01-24,23:00,00:00,0,997,42.51,0,48444.229999999996
2020-01-25,00:00,01:00,0,1073,42.00,0,52684.299999999996
2020-01-25,01:00,02:00,0,1157,40.48,0,58567.34
2020-01-25,02:00,03:00,0,1239,37.01,0,67017.51
2020-01-25,03:00,04:00,0,1325,35.14,0,74146.99999999999
2020-01-25,04:00,05:00,0,1396,32.87,0,81289.08
2020-01-25,05:00,06:00,0,1414,32.84,0,82379.63999999998
2020-01-25,06:00,07:00,0,1446,34.12,0,82393.08
2020-01-25,07:00,08:00,0,1512,37.10,0,81647.99999999999
2020-01-25,08:00,09:00,210,1581,42.42,51739.799999999996,76963.07999999999
2020-01-25,09:00,10:00,798,1565,44.97,194576.34,72193.45
2020-01-25,10:00,11:00,1737,1469,45.96,421813.08,66310.65999999999
2020-01-25,11:00,12:00,2512,1328,44.89,612701.92,61366.87999999999
2020-01-25,12:00,13:00,2922,1219,43.67,716269.86,57817.16999999999
2020-01-25,13:00,14:00,2806,1207,41.14,694933.9600000001,60301.719999999994
2020-01-25,14:00,15:00,2289,1154,39.61,570395.91,59419.45999999999
2020-01-25,15:00,16:00,1516,1128,41.29,375225.16000000003,56185.67999999999
2020-01-25,16:00,17:00,609,1209,43.27,149527.77,57826.46999999999
2020-01-25,17:00,18:00,169,1428,46.25,40990.950000000004,64045.79999999999
2020-01-25,18:00,19:00,0,1604,49.99,0,65940.43999999999
2020-01-25,19:00,20:00,0,1727,45.84,0,78164.01999999999
2020-01-25,20:00,21:00,0,1923,43.01,0,92477.06999999999
2020-01-25,21:00,22:00,0,2040,38.25,0,107813.99999999999
2020-01-25,22:00,23:00,0,2188,40.57,0,110559.63999999998
2020-01-25,23:00,00:00,0,2346,36.58,0,127903.91999999998
2020-01-26,00:00,01:00,0,2440,34.43,0,138274.8
2020-01-26,01:00,02:00,0,2420,34.19,0,137722.19999999998
2020-01-26,02:00,03:00,0,2411,32.40,0,141525.69999999998
2020-01-26,03:00,04:00,0,2421,29.84,0,148310.46
2020-01-26,04:00,05:00,0,2290,29.33,0,141453.3
2020-01-26,05:00,06:00,0,2222,28.74,0,138563.92
2020-01-26,06:00,07:00,0,2182,29.42,0,134585.75999999998
2020-01-26,07:00,08:00,0,2179,29.60,0,134008.49999999997
2020-01-26,08:00,09:00,197,2298,31.37,50713.71,137259.53999999998
2020-01-26,09:00,10:00,607,2597,35.65,153662.05000000002,144003.65
2020-01-26,10:00,11:00,1230,2769,40.12,305876.4,141163.62
2020-01-26,11:00,12:00,1741,2602,41.35,430810.45,129449.49999999999
2020-01-26,12:00,13:00,1839,2644,41.86,454122.66,130190.55999999998
2020-01-26,13:00,14:00,2108,3078,38.23,528201.56,162733.86
2020-01-26,14:00,15:00,1826,3611,36.03,461558.02,198857.77
2020-01-26,15:00,16:00,1361,3902,34.56,346020.64,220619.07999999996
2020-01-26,16:00,17:00,686,4210,33.43,175183.82,242790.69999999998
2020-01-26,17:00,18:00,194,4943,39.99,48269.14,252636.72999999995
2020-01-26,18:00,19:00,0,5764,42.00,0,283012.39999999997
2020-01-26,19:00,20:00,0,6401,44.42,0,298798.67999999993
2020-01-26,20:00,21:00,0,6994,32.63,0,408939.17999999993
2020-01-26,21:00,22:00,0,7513,29.12,0,465655.73999999993
2020-01-26,22:00,23:00,0,7644,33.05,0,443734.19999999995
2020-01-26,23:00,00:00,0,7886,30.60,0,477102.99999999994
2020-01-27,00:00,01:00,0,8006,28.48,0,501335.7199999999
2020-01-27,01:00,02:00,0,8048,28.14,0,506702.07999999996
2020-01-27,02:00,03:00,0,7692,27.13,0,492057.24
2020-01-27,03:00,04:00,0,7456,23.56,0,503578.23999999993
2020-01-27,04:00,05:00,0,7344,21.31,0,512537.75999999995
2020-01-27,05:00,06:00,0,7245,26.91,0,465056.55
2020-01-27,06:00,07:00,0,7115,29.92,0,435295.69999999995
2020-01-27,07:00,08:00,0,7148,42.20,0,349537.19999999995
2020-01-27,08:00,09:00,221,7219,45.73,53718.47,327526.02999999997
2020-01-27,09:00,10:00,667,7329,45.50,162281.1,334202.39999999997
2020-01-27,10:00,11:00,1127,7420,44.68,275123.24,344436.39999999997
2020-01-27,11:00,12:00,1447,7502,43.19,355397.67000000004,359420.81999999995
2020-01-27,12:00,13:00,1469,7785,42.91,361212.41000000003,375159.14999999997
2020-01-27,13:00,14:00,1229,8020,43.54,301424.54000000004,381431.19999999995
2020-01-27,14:00,15:00,954,8299,43.81,233720.46000000002,392459.70999999996
2020-01-27,15:00,16:00,639,8658,45.13,155705.13,398008.25999999995
2020-01-27,16:00,17:00,331,8916,43.15,81310.15000000001,427522.19999999995
2020-01-27,17:00,18:00,162,9568,47.08,39158.64000000001,421183.36
2020-01-27,18:00,19:00,0,10320,51.21,0,411664.79999999993
2020-01-27,19:00,20:00,0,10945,47.12,0,481361.1
2020-01-27,20:00,21:00,0,11010,43.72,0,521653.79999999993
2020-01-27,21:00,22:00,0,10856,40.25,0,552027.6
2020-01-27,22:00,23:00,0,10822,36.53,0,590556.5399999999
2020-01-27,23:00,00:00,0,10920,33.01,0,634342.7999999999
2020-01-28,00:00,01:00,0,11084,27.79,0,701728.0399999999
2020-01-28,01:00,02:00,0,10950,26.84,0,703646.9999999999
2020-01-28,02:00,03:00,0,11101,25.64,0,726671.46
2020-01-28,03:00,04:00,0,11294,24.99,0,746646.34
2020-01-28,04:00,05:00,0,11641,25.00,0,769470.1
2020-01-28,05:00,06:00,0,11739,26.32,0,760452.42
2020-01-28,06:00,07:00,0,11784,31.30,0,704683.2
2020-01-28,07:00,08:00,0,12027,41.94,0,591247.32
2020-01-28,08:00,09:00,208,11961,44.94,50722.880000000005,552119.76
2020-01-28,09:00,10:00,684,11505,44.33,167217.48,538088.85
2020-01-28,10:00,11:00,1574,11227,42.90,387046.60000000003,541141.3999999999
2020-01-28,11:00,12:00,2269,11259,41.85,560329.55,554505.7499999999
2020-01-28,12:00,13:00,2560,11528,40.43,635827.2,584123.7599999999
2020-01-28,13:00,14:00,2455,11886,37.97,615787.65,631503.1799999999
2020-01-28,14:00,15:00,2370,11794,32.32,607857.6000000001,693251.32
2020-01-28,15:00,16:00,2001,11318,30.92,516017.88,681117.2399999999
2020-01-28,16:00,17:00,991,10479,32.10,254389.69999999998,618260.9999999999
2020-01-28,17:00,18:00,269,9905,40.48,66798.08,501391.1
2020-01-28,18:00,19:00,0,9565,43.33,0,456920.05
2020-01-28,19:00,20:00,0,9976,43.86,0,471266.23999999993
2020-01-28,20:00,21:00,0,9860,38.34,0,520213.5999999999
2020-01-28,21:00,22:00,0,10045,28.78,0,626004.3999999999
2020-01-28,22:00,23:00,0,9797,31.98,0,579198.6399999999
2020-01-28,23:00,00:00,0,9386,30.69,0,567008.26
2020-01-29,00:00,01:00,0,9345,28.79,0,582286.95
2020-01-29,01:00,02:00,0,9096,28.74,0,567226.5599999999
2020-01-29,02:00,03:00,0,8321,27.72,0,527384.98
2020-01-29,03:00,04:00,0,7937,21.66,0,551145.28
2020-01-29,04:00,05:00,0,7758,21.55,0,539568.9
2020-01-29,05:00,06:00,0,7487,27.23,0,478194.68999999994
2020-01-29,06:00,07:00,0,7139,31.02,0,428911.12
2020-01-29,07:00,08:00,0,7124,42.03,0,349574.67999999993
2020-01-29,08:00,09:00,236,6847,44.72,57602.880000000005,317563.86
2020-01-29,09:00,10:00,895,6703,43.71,219355.55000000002,317655.17
2020-01-29,10:00,11:00,2035,6493,42.73,500752.45000000007,314066.41
2020-01-29,11:00,12:00,3001,6421,42.71,738516.09,310712.18999999994
2020-01-29,12:00,13:00,3344,6619,39.35,834160.8,342533.24999999994
2020-01-29,13:00,14:00,3278,6931,37.18,824810.36,373719.51999999996
2020-01-29,14:00,15:00,2731,6671,37.85,685344.4500000001,355230.74999999994
2020-01-29,15:00,16:00,1815,5848,37.94,455310.9,310879.68
2020-01-29,16:00,17:00,826,4584,39.02,206318.28,238734.71999999997
2020-01-29,17:00,18:00,226,3772,42.79,55598.26,182225.31999999998
2020-01-29,18:00,19:00,0,3722,45.01,0,171546.97999999998
2020-01-29,19:00,20:00,0,4052,45.10,0,186391.99999999997
2020-01-29,20:00,21:00,0,4552,41.02,0,227964.15999999997
2020-01-29,21:00,22:00,0,4973,33.63,0,285798.30999999994
2020-01-29,22:00,23:00,0,5203,33.69,0,298704.23
2020-01-29,23:00,00:00,0,5132,33.41,0,296065.08
2020-01-30,00:00,01:00,0,5046,30.48,0,305888.51999999996
2020-01-30,01:00,02:00,0,5301,27.65,0,336348.44999999995
2020-01-30,02:00,03:00,0,5500,26.90,0,353099.99999999994
2020-01-30,03:00,04:00,0,5668,26.20,0,367853.19999999995
2020-01-30,04:00,05:00,0,5919,25.90,0,385918.79999999993
2020-01-30,05:00,06:00,0,5955,27.01,0,381655.94999999995
2020-01-30,06:00,07:00,0,6196,33.15,0,359058.19999999995
2020-01-30,07:00,08:00,0,6784,44.27,0,317694.7199999999
2020-01-30,08:00,09:00,245,7412,45.17,59689.35,340433.1599999999
2020-01-30,09:00,10:00,703,7433,45.29,171187.53000000003,340505.73
2020-01-30,10:00,11:00,1240,7548,44.10,303428,354755.99999999994
2020-01-30,11:00,12:00,1567,7843,43.04,385105.92000000004,376934.57999999996
2020-01-30,12:00,13:00,1916,8038,41.62,473596.88,397720.24
2020-01-30,13:00,14:00,1955,8283,40.08,486247.60000000003,422598.66
2020-01-30,14:00,15:00,1664,8286,37.53,418113.28,443881.01999999996
2020-01-30,15:00,16:00,1012,8283,35.51,256329.48,460451.97
2020-01-30,16:00,17:00,476,8506,37.38,119675.92000000001,456942.31999999995
2020-01-30,17:00,18:00,188,8807,39.70,46830.8,452679.79999999993
2020-01-30,18:00,19:00,0,9191,43.01,0,441995.18999999994
2020-01-30,19:00,20:00,0,9693,41.10,0,484649.99999999994
2020-01-30,20:00,21:00,0,9949,31.67,0,591269.07
2020-01-30,21:00,22:00,0,9796,29.40,0,604413.2
2020-01-30,22:00,23:00,0,9327,30.43,0,565869.09
2020-01-30,23:00,00:00,0,8980,29.28,0,555143.6
2020-01-31,00:00,01:00,0,8636,23.61,0,582843.64
2020-01-31,01:00,02:00,0,8227,17.42,0,606165.36
2020-01-31,02:00,03:00,0,7926,18.72,0,573683.88
2020-01-31,03:00,04:00,0,7490,16.38,0,559652.8
2020-01-31,04:00,05:00,0,7270,15.36,0,550629.7999999999
2020-01-31,05:00,06:00,0,6918,19.32,0,496574.04
2020-01-31,06:00,07:00,0,6227,25.50,0,408491.19999999995
2020-01-31,07:00,08:00,0,5595,37.94,0,297430.19999999995
2020-01-31,08:00,09:00,259,5310,40.22,64382.22,270172.8
2020-01-31,09:00,10:00,871,5361,40.56,216217.04,270944.93999999994
2020-01-31,10:00,11:00,1754,5672,38.06,439797.96,300842.87999999995
2020-01-31,11:00,12:00,2345,5828,37.95,588243.25,309758.19999999995
2020-01-31,12:00,13:00,2747,6031,35.67,695348.11,334298.32999999996
2020-01-31,13:00,14:00,2778,6113,31.61,714473.82,363662.37
2020-01-31,14:00,15:00,2480,5908,29.00,644304,366886.8
2020-01-31,15:00,16:00,1899,5764,30.07,491328.27,351776.92
2020-01-31,16:00,17:00,1038,5863,28.10,270606.6,369368.99999999994
2020-01-31,17:00,18:00,298,6209,33.78,75995.96,355899.87999999995
2020-01-31,18:00,19:00,0,6712,37.16,0,362045.27999999997
2020-01-31,19:00,20:00,0,7258,35.20,0,405722.19999999995
2020-01-31,20:00,21:00,0,7397,29.36,0,456690.77999999997
2020-01-31,21:00,22:00,0,7687,26.98,0,492890.43999999994
2020-01-31,22:00,23:00,0,7700,28.74,0,480172
2020-01-31,23:00,00:00,0,7637,24.12,0,511526.2599999999
2020-02-01,00:00,01:00,0,7746,14.71,0,591716.94
2020-02-01,01:00,02:00,0,8018,11.62,0,637270.6399999999
2020-02-01,02:00,03:00,0,8256,10.77,0,663204.48
2020-02-01,03:00,04:00,0,8477,4.59,0,733345.2699999999
2020-02-01,04:00,05:00,0,8432,0.53,0,763686.24
2020-02-01,05:00,06:00,0,8535,2.53,0,755944.95
2020-02-01,06:00,07:00,0,8780,7.69,0,732339.7999999999
2020-02-01,07:00,08:00,0,8889,12.27,0,700719.87
2020-02-01,08:00,09:00,245,8586,21.90,65390.50000000001,594151.2
2020-02-01,09:00,10:00,636,8569,25.33,167566.92,563583.13
2020-02-01,10:00,11:00,1176,8825,22.09,313650.96,609013.2499999999
2020-02-01,11:00,12:00,1674,9444,24.09,443124.54000000004,632842.44
2020-02-01,12:00,13:00,2067,10400,26.35,542484.15,673400
2020-02-01,13:00,14:00,2085,10983,24.61,550836.15,730259.6699999999
2020-02-01,14:00,15:00,1941,10777,15.56,530358.84,814094.58
2020-02-01,15:00,16:00,1589,10272,13.50,437451.7,797107.2
2020-02-01,16:00,17:00,888,9808,14.48,243596.16,751488.96
2020-02-01,17:00,18:00,250,9847,19.93,67217.5,700810.9899999999
2020-02-01,18:00,19:00,0,9915,28.36,0,622067.1
2020-02-01,19:00,20:00,0,9761,31.12,0,585464.7799999999
2020-02-01,20:00,21:00,0,9425,26.54,0,608478
2020-02-01,21:00,22:00,0,9021,13.30,0,701833.7999999999
2020-02-01,22:00,23:00,0,8201,17.24,0,605725.86
2020-02-01,23:00,00:00,0,7220,28.56,0,451538.79999999993
2020-02-02,00:00,01:00,0,6438,23.14,0,437526.48
2020-02-02,01:00,02:00,0,6101,17.22,0,450741.87999999995
2020-02-02,02:00,03:00,0,6046,19.50,0,432893.6
2020-02-02,03:00,04:00,0,6547,14.71,0,500125.3299999999
2020-02-02,04:00,05:00,0,7414,7.68,0,618475.8799999999
2020-02-02,05:00,06:00,0,8620,8.17,0,714856.6
2020-02-02,06:00,07:00,0,9507,9.91,0,771873.33
2020-02-02,07:00,08:00,0,10610,12.48,0,834158.2
2020-02-02,08:00,09:00,232,10881,20.02,62356.96000000001,773421.48
2020-02-02,09:00,10:00,817,11034,25.51,215107.93000000002,723720.0599999998
2020-02-02,10:00,11:00,1605,11590,26.97,420237.1500000001,743266.7
2020-02-02,11:00,12:00,2307,11817,29.23,598827.99,731117.7899999999
2020-02-02,12:00,13:00,2778,11817,28.03,724419.0599999999,745298.19
2020-02-02,13:00,14:00,2799,11613,24.55,739635.75,772845.15
2020-02-02,14:00,15:00,2499,11203,18.60,675229.7999999999,812217.5
2020-02-02,15:00,16:00,1883,10779,12.14,520950.78,851109.84
2020-02-02,16:00,17:00,1012,10461,18.83,273209.64,756016.47
2020-02-02,17:00,18:00,311,10051,15.07,85130.03,764177.53
2020-02-02,18:00,19:00,0,9190,31.57,0,547080.7
2020-02-02,19:00,20:00,0,8588,36.93,0,465211.95999999996
2020-02-02,20:00,21:00,0,8070,27.05,0,516883.5
2020-02-02,21:00,22:00,0,7738,21.99,0,534773.18
2020-02-02,22:00,23:00,0,7285,23.87,0,489770.54999999993
2020-02-02,23:00,00:00,0,7566,17.38,0,557765.52
2020-02-03,00:00,01:00,0,8047,15.92,0,604973.46
2020-02-03,01:00,02:00,0,7925,15.55,0,598733.75
2020-02-03,02:00,03:00,0,7853,14.38,0,602482.16
2020-02-03,03:00,04:00,0,7745,9.23,0,634083.1499999999
2020-02-03,04:00,05:00,0,7839,6.95,0,659651.85
2020-02-03,05:00,06:00,0,7823,6.69,0,660339.4299999999
2020-02-03,06:00,07:00,0,7761,24.32,0,518279.58
2020-02-03,07:00,08:00,0,7429,36.49,0,405697.68999999994
2020-02-03,08:00,09:00,253,7066,39.97,62953.990000000005,361284.57999999996
2020-02-03,09:00,10:00,935,6944,39.26,233319.90000000002,359976.95999999996
2020-02-03,10:00,11:00,2067,6528,35.52,523529.76,362826.23999999993
2020-02-03,11:00,12:00,2925,6366,32.97,748302.75,370055.57999999996
2020-02-03,12:00,13:00,3450,6190,29.08,896034.0000000001,383903.8
2020-02-03,13:00,14:00,3613,6296,28.38,940897.4600000001,394885.12
2020-02-03,14:00,15:00,3375,6457,28.73,877736.25,402723.0899999999
2020-02-03,15:00,16:00,2690,6524,28.29,700771.9,409772.43999999994
2020-02-03,16:00,17:00,1427,6368,24.90,376585.30000000005,421561.5999999999
2020-02-03,17:00,18:00,353,6172,33.08,90269.16,358099.44
2020-02-03,18:00,19:00,0,6650,37.99,0,353181.49999999994
2020-02-03,19:00,20:00,0,7431,36.57,0,405212.42999999993
2020-02-03,20:00,21:00,0,8640,31.00,0,519263.99999999994
2020-02-03,21:00,22:00,0,9870,27.16,0,631087.7999999999
2020-02-03,22:00,23:00,0,9763,27.13,0,624539.11
2020-02-03,23:00,00:00,0,9508,24.76,0,630760.7199999999
2020-02-04,00:00,01:00,0,9590,20.79,0,674272.9
2020-02-04,01:00,02:00,0,9808,17.41,0,722751.52
2020-02-04,02:00,03:00,0,9837,16.24,0,736397.82
2020-02-04,03:00,04:00,0,9935,11.90,0,786851.9999999999
2020-02-04,04:00,05:00,0,10010,9.77,0,814113.2999999999
2020-02-04,05:00,06:00,0,9934,15.88,0,747235.48
2020-02-04,06:00,07:00,0,9762,24.88,0,646439.64
2020-02-04,07:00,08:00,0,9849,29.70,0,604728.5999999999
2020-02-04,08:00,09:00,315,9931,35.01,79943.85,557029.7899999999
2020-02-04,09:00,10:00,1228,10160,33.95,312955.80000000005,580643.9999999999
2020-02-04,10:00,11:00,2461,10257,29.90,637152.9000000001,627728.3999999999
2020-02-04,11:00,12:00,3268,10819,29.03,848928.36,671535.33
2020-02-04,12:00,13:00,3744,11027,27.07,979917.1200000001,706058.81
2020-02-04,13:00,14:00,3643,11321,26.43,955813.91,732129.0699999998
2020-02-04,14:00,15:00,3287,11082,27.53,858794.49,704482.7399999999
2020-02-04,15:00,16:00,2546,10811,29.05,661323.5,670822.5499999999
2020-02-04,16:00,17:00,1389,10598,31.42,357500.82,632488.6399999999
2020-02-04,17:00,18:00,380,9600,39.92,94574.4,491327.99999999994
2020-02-04,18:00,19:00,0,8816,41.30,0,439036.8
2020-02-04,19:00,20:00,0,8263,41.51,0,409762.17
2020-02-04,20:00,21:00,0,7779,39.75,0,399451.64999999997
2020-02-04,21:00,22:00,0,7440,30.13,0,453616.8
2020-02-04,22:00,23:00,0,6734,30.36,0,409023.16
2020-02-04,23:00,00:00,0,5715,32.40,0,335470.5
2020-02-05,00:00,01:00,0,4742,25.44,0,311359.72
2020-02-05,01:00,02:00,0,4140,25.00,0,273654
2020-02-05,02:00,03:00,0,3608,24.43,0,240545.35999999996
2020-02-05,03:00,04:00,0,3225,23.63,0,217590.75
2020-02-05,04:00,05:00,0,2995,24.83,0,198478.65
2020-02-05,05:00,06:00,0,2714,26.62,0,174998.71999999997
2020-02-05,06:00,07:00,0,2411,37.54,0,129133.15999999999
2020-02-05,07:00,08:00,0,2225,44.91,0,102772.75
2020-02-05,08:00,09:00,349,1945,49.16,83634.36,81573.29999999999
2020-02-05,09:00,10:00,1553,1780,44.78,378963.06,82449.59999999999
2020-02-05,10:00,11:00,3175,1680,41.37,785590.25,83546.4
2020-02-05,11:00,12:00,4248,1515,40.00,1056902.4000000001,77416.49999999999
2020-02-05,12:00,13:00,4788,1513,37.07,1205283.24,81747.38999999998
2020-02-05,13:00,14:00,4810,1528,35.16,1220008.4000000001,85476.31999999999
2020-02-05,14:00,15:00,4446,1514,35.17,1127638.98,84678.01999999999
2020-02-05,15:00,16:00,3508,1521,37.13,882858.3600000001,82088.36999999998
2020-02-05,16:00,17:00,1941,1603,40.25,482435.55000000005,81512.54999999999
2020-02-05,17:00,18:00,482,1698,42.19,118866.02,83049.18
2020-02-05,18:00,19:00,0,1928,45.83,0,87280.56
2020-02-05,19:00,20:00,0,2267,45.66,0,103012.48
2020-02-05,20:00,21:00,0,2537,42.59,0,123069.86999999998
2020-02-05,21:00,22:00,0,2743,38.05,0,145516.15
2020-02-05,22:00,23:00,0,2870,37.50,0,153831.99999999997
2020-02-05,23:00,00:00,0,2861,32.76,0,166910.74
2020-02-06,00:00,01:00,0,2772,28.90,0,172418.4
2020-02-06,01:00,02:00,0,2730,26.35,0,176767.5
2020-02-06,02:00,03:00,0,2838,24.90,0,187875.59999999998
2020-02-06,03:00,04:00,0,2904,24.46,0,193522.55999999997
2020-02-06,04:00,05:00,0,2900,25.25,0,190964.99999999997
2020-02-06,05:00,06:00,0,3046,28.00,0,192202.59999999998
2020-02-06,06:00,07:00,0,3119,33.00,0,181213.9
2020-02-06,07:00,08:00,0,3266,43.15,0,156604.69999999998
2020-02-06,08:00,09:00,363,3304,44.88,88542.96,152710.87999999998
2020-02-06,09:00,10:00,1558,3162,45.02,379809.24,145704.95999999996
2020-02-06,10:00,11:00,3246,2659,42.38,799879.3200000001,129546.47999999998
2020-02-06,11:00,12:00,4449,2324,40.81,1103307.51,116873.95999999998
2020-02-06,12:00,13:00,4910,2162,39.25,1225290.5,112099.69999999998
2020-02-06,13:00,14:00,4865,2221,38.01,1220093.35,117912.88999999998
2020-02-06,14:00,15:00,4318,2293,37.94,1083213.48,121895.87999999999
2020-02-06,15:00,16:00,3318,2568,38.06,831955.3200000001,136206.71999999997
2020-02-06,16:00,17:00,1935,2753,39.09,483188.85000000003,143183.52999999997
2020-02-06,17:00,18:00,514,3179,42.51,126593.06000000001,154467.61
2020-02-06,18:00,19:00,0,4061,46.83,0,179780.46999999997
2020-02-06,19:00,20:00,0,4821,47.21,0,211593.68999999997
2020-02-06,20:00,21:00,0,5250,43.63,0,249217.49999999997
2020-02-06,21:00,22:00,0,5178,37.98,0,275055.36
2020-02-06,22:00,23:00,0,4948,37.66,0,264421.12
2020-02-06,23:00,00:00,0,4781,33.58,0,275003.12
2020-02-07,00:00,01:00,0,4917,33.32,0,284104.25999999995
2020-02-07,01:00,02:00,0,4935,32.18,0,290770.19999999995
2020-02-07,02:00,03:00,0,5000,31.04,0,300300
2020-02-07,03:00,04:00,0,5050,28.62,0,315523.99999999994
2020-02-07,04:00,05:00,0,5228,26.51,0,337676.51999999996
2020-02-07,05:00,06:00,0,5416,27.75,0,343103.6
2020-02-07,06:00,07:00,0,5656,36.32,0,309835.68
2020-02-07,07:00,08:00,0,5942,44.98,0,274045.04
2020-02-07,08:00,09:00,413,5953,54.58,96732.86000000002,217403.55999999997
2020-02-07,09:00,10:00,1651,5423,47.00,399211.80000000005,239154.29999999996
2020-02-07,10:00,11:00,3256,4455,41.81,804199.4400000001,219586.94999999995
2020-02-07,11:00,12:00,4341,3531,38.52,1086465.48,185659.97999999998
2020-02-07,12:00,13:00,4718,3024,37.61,1185114.42,161753.75999999998
2020-02-07,13:00,14:00,4625,2940,34.61,1175628.75,166080.59999999998
2020-02-07,14:00,15:00,3942,3045,32.93,1008639.54,177127.65
2020-02-07,15:00,16:00,2913,3154,32.07,747854.4900000001,186180.62
2020-02-07,16:00,17:00,1585,3378,32.07,406917.05000000005,199403.33999999997
2020-02-07,17:00,18:00,434,3730,35.17,110075.42,208618.89999999997
2020-02-07,18:00,19:00,0,4303,39.93,0,220184.50999999998
2020-02-07,19:00,20:00,0,4877,35.47,0,271307.50999999995
2020-02-07,20:00,21:00,0,5272,32.23,0,310362.64
2020-02-07,21:00,22:00,0,5350,27.93,0,337959.5
2020-02-07,22:00,23:00,0,5206,27.37,0,331778.37999999995
2020-02-07,23:00,00:00,0,5051,26.84,0,324577.25999999995
2020-02-08,00:00,01:00,0,4872,25.25,0,320821.19999999995
2020-02-08,01:00,02:00,0,4728,24.28,0,315924.95999999996
2020-02-08,02:00,03:00,0,4673,23.98,0,313651.75999999995
2020-02-08,03:00,04:00,0,4710,22.90,0,321221.99999999994
2020-02-08,04:00,05:00,0,4729,21.75,0,327956.14999999997
2020-02-08,05:00,06:00,0,4826,20.12,0,342549.4799999999
2020-02-08,06:00,07:00,0,5025,22.34,0,345518.99999999994
2020-02-08,07:00,08:00,0,5065,25.54,0,332061.4
2020-02-08,08:00,09:00,355,4879,28.05,92566.25,307620.95
2020-02-08,09:00,10:00,1265,4379,29.07,328558.45,271629.37
2020-02-08,10:00,11:00,2485,3826,28.36,647193.4,240043.24
2020-02-08,11:00,12:00,3202,3416,28.56,833288.48,213636.63999999998
2020-02-08,12:00,13:00,3434,3095,29.90,889062.6000000001,189414
2020-02-08,13:00,14:00,3340,2730,27.94,871272.4,172426.8
2020-02-08,14:00,15:00,2687,2318,26.80,703994,149047.4
2020-02-08,15:00,16:00,1959,2147,29.92,507145.92,131353.46
2020-02-08,16:00,17:00,996,2190,29.91,257854.43999999997,134006.1
2020-02-08,17:00,18:00,283,2196,34.96,71836.72,123283.43999999999
2020-02-08,18:00,19:00,0,2469,41.30,0,122956.2
2020-02-08,19:00,20:00,0,3065,38.71,0,160575.34999999998
2020-02-08,20:00,21:00,0,3782,31.29,0,226201.41999999998
2020-02-08,21:00,22:00,0,4452,26.84,0,286085.51999999996
2020-02-08,22:00,23:00,0,5219,27.39,0,332502.49
2020-02-08,23:00,00:00,0,6227,26.40,0,402886.8999999999
2020-02-09,00:00,01:00,0,7015,23.15,0,476669.24999999994
2020-02-09,01:00,02:00,0,7695,15.23,0,583819.6499999999
2020-02-09,02:00,03:00,0,8489,13.31,0,660359.3099999999
2020-02-09,03:00,04:00,0,9110,9.18,0,746291.1999999998
2020-02-09,04:00,05:00,0,9604,7.54,0,802510.2399999999
2020-02-09,05:00,06:00,0,10032,4.85,0,865260
2020-02-09,06:00,07:00,0,10491,5.53,0,897714.8699999999
2020-02-09,07:00,08:00,0,11227,10.45,0,905457.5499999999
2020-02-09,08:00,09:00,359,11762,11.20,99658.40000000001,939783.7999999999
2020-02-09,09:00,10:00,1182,12201,15.51,323028.78,922273.5899999999
2020-02-09,10:00,11:00,2220,12389,11.72,615117.6,983438.82
2020-02-09,11:00,12:00,3014,12711,13.81,828819.86,982433.19
2020-02-09,12:00,13:00,3446,12940,18.35,931970.7,941385
2020-02-09,13:00,14:00,3459,12952,13.66,951709.26,1003002.88
2020-02-09,14:00,15:00,2725,12747,11.07,756814.25,1020142.41
2020-02-09,15:00,16:00,1838,12565,10.28,511919.76000000007,1015503.2999999999
2020-02-09,16:00,17:00,919,12332,8.42,257669.22,1019609.7599999999
2020-02-09,17:00,18:00,266,12119,12.13,73594.22,957037.4299999999
2020-02-09,18:00,19:00,0,12081,22.00,0,834797.1
2020-02-09,19:00,20:00,0,11951,26.37,0,773588.2299999999
2020-02-09,20:00,21:00,0,11561,17.07,0,855860.83
2020-02-09,21:00,22:00,0,10959,19.96,0,779623.2599999999
2020-02-09,22:00,23:00,0,10843,28.63,0,677362.21
2020-02-09,23:00,00:00,0,10672,24.13,0,714703.84
2020-02-10,00:00,01:00,0,10725,11.95,0,848883.7499999999
2020-02-10,01:00,02:00,0,10422,9.94,0,845849.52
2020-02-10,02:00,03:00,0,10255,8.63,0,845729.85
2020-02-10,03:00,04:00,0,9918,2.77,0,876056.94
2020-02-10,04:00,05:00,0,9896,2.58,0,875993.9199999999
2020-02-10,05:00,06:00,0,10178,9.25,0,833069.2999999999
2020-02-10,06:00,07:00,0,10321,14.52,0,790382.1799999999
2020-02-10,07:00,08:00,0,10689,24.74,0,709322.04
2020-02-10,08:00,09:00,296,10693,32.58,75841.12000000001,625754.36
2020-02-10,09:00,10:00,887,11049,28.90,230531.30000000002,687247.7999999999
2020-02-10,10:00,11:00,1815,11650,26.69,475729.65,750376.5
2020-02-10,11:00,12:00,2512,12224,22.55,668820,837955.2
2020-02-10,12:00,13:00,2722,12505,18.63,735402.74,906237.35
2020-02-10,13:00,14:00,2736,12581,19.88,735765.12,896018.82
2020-02-10,14:00,15:00,2524,12626,19.72,679157.9200000002,901243.8799999999
2020-02-10,15:00,16:00,1962,12352,19.36,528641.28,886132.48
2020-02-10,16:00,17:00,1052,12558,21.78,280905.04,870520.5599999999
2020-02-10,17:00,18:00,343,12880,28.98,89118.26,800105.5999999999
2020-02-10,18:00,19:00,140,12976,34.02,35669.2,740670.0799999998
2020-02-10,19:00,20:00,0,12966,33.78,0,743211.1199999999
2020-02-10,20:00,21:00,0,12773,24.46,0,851192.7199999999
2020-02-10,21:00,22:00,0,12471,16.16,0,934576.74
2020-02-10,22:00,23:00,0,12432,19.82,0,886152.96
2020-02-10,23:00,00:00,0,12460,23.05,0,847903
2020-02-11,00:00,01:00,0,12425,16.33,0,929017.25
2020-02-11,01:00,02:00,0,12101,13.60,0,937827.5
2020-02-11,02:00,03:00,0,11741,10.88,0,941863.02
2020-02-11,03:00,04:00,0,11434,10.08,0,926382.6799999999
2020-02-11,04:00,05:00,0,11382,9.89,0,924332.22
2020-02-11,05:00,06:00,0,11250,12.88,0,879975
2020-02-11,06:00,07:00,0,11033,22.98,0,751567.9599999998
2020-02-11,07:00,08:00,0,11148,30.64,0,674008.08
2020-02-11,08:00,09:00,315,10791,34.69,80044.65000000001,608720.3099999999
2020-02-11,09:00,10:00,957,10448,33.76,244073.28000000003,599088.32
2020-02-11,10:00,11:00,1919,10681,30.49,495696.89,647375.41
2020-02-11,11:00,12:00,2503,11347,29.59,648802.6300000001,697953.9699999999
2020-02-11,12:00,13:00,2741,12042,27.06,717429.34,771169.6799999999
2020-02-11,13:00,14:00,2804,12270,25.38,738629.68,806384.4
2020-02-11,14:00,15:00,2455,12064,24.27,649421.15,806237.12
2020-02-11,15:00,16:00,1938,12012,25.18,510895.56,791831.0399999998
2020-02-11,16:00,17:00,1041,11632,23.54,276135.66,785857.92
2020-02-11,17:00,18:00,306,10848,27.75,79881.3,687220.7999999999
2020-02-11,18:00,19:00,137,10258,32.17,35158.31,604503.94
2020-02-11,19:00,20:00,0,9990,38.71,0,523376.0999999999
2020-02-11,20:00,21:00,0,9675,33.97,0,552732.75
2020-02-11,21:00,22:00,0,9246,25.27,0,608664.1799999999
2020-02-11,22:00,23:00,0,8971,25.17,0,591458.0299999999
2020-02-11,23:00,00:00,0,8824,27.76,0,558912.1599999999
2020-02-12,00:00,01:00,0,8682,23.00,0,591244.2
2020-02-12,01:00,02:00,0,8681,19.48,0,621733.22
2020-02-12,02:00,03:00,0,8692,23.22,0,590012.96
2020-02-12,03:00,04:00,0,8452,18.64,0,612431.9199999999
2020-02-12,04:00,05:00,0,8117,14.96,0,618028.3799999999
2020-02-12,05:00,06:00,0,7658,23.62,0,516761.8399999999
2020-02-12,06:00,07:00,0,7532,26.44,0,487019.12
2020-02-12,07:00,08:00,0,7597,35.68,0,421025.73999999993
2020-02-12,08:00,09:00,437,7485,36.25,110364.35,410552.24999999994
2020-02-12,09:00,10:00,1546,6972,33.56,394601.04000000004,401168.87999999995
2020-02-12,10:00,11:00,2938,6731,29.02,763233.6400000001,417860.48
2020-02-12,11:00,12:00,4077,7066,25.49,1073514.87,463600.26
2020-02-12,12:00,13:00,4394,7521,23.99,1163575.14,504734.31
2020-02-12,13:00,14:00,4136,7443,26.47,1084996.8800000001,481041.08999999997
2020-02-12,14:00,15:00,3617,7031,24.53,955864.59,468053.6699999999
2020-02-12,15:00,16:00,2802,6358,23.08,744547.4400000001,432471.16
2020-02-12,16:00,17:00,1819,5090,27.87,474631.67,321840.69999999995
2020-02-12,17:00,18:00,533,3718,35.55,134982.25,206534.9
2020-02-12,18:00,19:00,144,3181,38.77,36004.32,166461.72999999998
2020-02-12,19:00,20:00,0,3121,44.38,0,145813.11999999997
2020-02-12,20:00,21:00,0,3302,35.39,0,183954.41999999998
2020-02-12,21:00,22:00,0,3743,29.10,0,232065.99999999997
2020-02-12,22:00,23:00,0,4275,35.02,0,239741.99999999997
2020-02-12,23:00,00:00,0,5142,29.90,0,314690.39999999997
2020-02-13,00:00,01:00,0,6086,25.53,0,399059.01999999996
2020-02-13,01:00,02:00,0,7100,25.91,0,462849
2020-02-13,02:00,03:00,0,8036,24.37,0,536242.2799999999
2020-02-13,03:00,04:00,0,8768,24.31,0,585614.72
2020-02-13,04:00,05:00,0,9553,22.80,0,652469.9
2020-02-13,05:00,06:00,0,10243,22.78,0,699801.7599999999
2020-02-13,06:00,07:00,0,10811,26.02,0,703579.88
2020-02-13,07:00,08:00,0,11597,34.34,0,658245.7199999999
2020-02-13,08:00,09:00,351,11942,39.34,87560.46,618117.9199999999
2020-02-13,09:00,10:00,868,11733,38.10,217607.6,621848.9999999999
2020-02-13,10:00,11:00,1516,11327,37.68,380697.92,605088.34
2020-02-13,11:00,12:00,2196,11369,38.13,550471.3200000001,602215.9299999999
2020-02-13,12:00,13:00,2381,11549,36.15,601559.65,634617.5499999999
2020-02-13,13:00,14:00,2285,11539,32.63,585348.4500000001,674685.33
2020-02-13,14:00,15:00,2022,11484,28.60,526124.4,717749.9999999999
2020-02-13,15:00,16:00,1638,11655,26.65,429401.70000000007,751164.7499999999
2020-02-13,16:00,17:00,1007,12198,25.21,265435.13,803726.2199999999
2020-02-13,17:00,18:00,372,12546,29.72,96377.76000000001,770073.48
2020-02-13,18:00,19:00,143,12732,35.68,36196.16,705607.44
2020-02-13,19:00,20:00,0,12653,42.13,0,619617.4099999999
2020-02-13,20:00,21:00,0,12236,33.35,0,706628.9999999999
2020-02-13,21:00,22:00,0,11712,23.37,0,793253.7599999999
2020-02-13,22:00,23:00,0,11032,26.27,0,715204.5599999999
2020-02-13,23:00,00:00,0,10035,31.57,0,597383.5499999999
2020-02-14,00:00,01:00,0,8981,27.36,0,572448.94
2020-02-14,01:00,02:00,0,8089,23.39,0,547706.19
2020-02-14,02:00,03:00,0,7039,22.77,0,480974.87
2020-02-14,03:00,04:00,0,5853,22.89,0,399233.12999999995
2020-02-14,04:00,05:00,0,5225,23.03,0,355665.74999999994
2020-02-14,05:00,06:00,0,4242,24.76,0,281414.27999999997
2020-02-14,06:00,07:00,0,3709,27.38,0,236337.47999999998
2020-02-14,07:00,08:00,0,3541,40.99,0,177439.50999999998
2020-02-14,08:00,09:00,479,3284,45.66,116464.06000000001,149224.96
2020-02-14,09:00,10:00,1700,2948,45.05,414375,135755.4
2020-02-14,10:00,11:00,3073,2784,40.82,762042.54,139979.52
2020-02-14,11:00,12:00,3825,2921,38.16,958698,154637.74
2020-02-14,12:00,13:00,4051,3345,35.56,1025875.24,185781.29999999996
2020-02-14,13:00,14:00,4254,3618,30.07,1100637.4200000002,220806.53999999998
2020-02-14,14:00,15:00,4007,3785,26.78,1049914.14,243451.19999999998
2020-02-14,15:00,16:00,3232,3934,24.81,853215.68,260784.85999999996
2020-02-14,16:00,17:00,2133,3711,24.34,564093.18,247746.35999999996
2020-02-14,17:00,18:00,673,3439,28.44,175222.28,215487.74
2020-02-14,18:00,19:00,148,3592,34.06,37701.520000000004,204887.67999999996
2020-02-14,19:00,20:00,0,4087,39.07,0,212646.61
2020-02-14,20:00,21:00,0,4619,33.55,0,265823.45
2020-02-14,21:00,22:00,0,4882,28.19,0,307126.62
2020-02-14,22:00,23:00,0,4868,27.05,0,311795.39999999997
2020-02-14,23:00,00:00,0,4909,25.19,0,323552.19
2020-02-15,00:00,01:00,0,4846,28.20,0,304813.39999999997
2020-02-15,01:00,02:00,0,4789,27.06,0,306687.55999999994
2020-02-15,02:00,03:00,0,4812,26.20,0,312298.79999999993
2020-02-15,03:00,04:00,0,4866,24.31,0,325000.13999999996
2020-02-15,04:00,05:00,0,4984,23.06,0,339111.36
2020-02-15,05:00,06:00,0,5257,22.85,0,358790.25
2020-02-15,06:00,07:00,0,5403,20.29,0,382586.43
2020-02-15,07:00,08:00,0,5877,22.66,0,402221.88
2020-02-15,08:00,09:00,578,6594,25.71,152066.02000000002,431181.6599999999
2020-02-15,09:00,10:00,2156,6885,31.49,554760.36,410414.85
2020-02-15,10:00,11:00,3744,6751,28.30,975312,423962.8
2020-02-15,11:00,12:00,4714,7099,25.26,1242327.56,467398.1599999999
2020-02-15,12:00,13:00,5270,7876,23.07,1400397.1,535804.28
2020-02-15,13:00,14:00,5166,8399,20.27,1387225.9800000002,594901.17
2020-02-15,14:00,15:00,4439,8687,17.51,1204256.31,639276.33
2020-02-15,15:00,16:00,3141,8725,22.63,836039.9700000001,597400.75
2020-02-15,16:00,17:00,1533,8924,22.63,408038.61000000004,611026.28
2020-02-15,17:00,18:00,444,9338,23.13,117957.48000000001,634703.86
2020-02-15,18:00,19:00,159,10137,24.98,41947.38,670258.44
2020-02-15,19:00,20:00,0,10842,22.26,0,746363.2799999999
2020-02-15,20:00,21:00,0,11187,15.32,0,847750.86
2020-02-15,21:00,22:00,0,11334,13.43,0,880311.7799999999
2020-02-15,22:00,23:00,0,11347,14.13,0,873378.59
2020-02-15,23:00,00:00,0,11604,13.24,0,903487.44
2020-02-16,00:00,01:00,0,11753,11.82,0,931777.84
2020-02-16,01:00,02:00,0,11851,10.47,0,955546.1299999999
2020-02-16,02:00,03:00,0,11933,6.63,0,1007980.51
2020-02-16,03:00,04:00,0,11640,-0.21,0,1062848.4
2020-02-16,04:00,05:00,0,11722,-5.09,0,1127539.18
2020-02-16,05:00,06:00,0,11744,-4.95,0,1128011.2
2020-02-16,06:00,07:00,0,11659,-1.31,0,1077408.19
2020-02-16,07:00,08:00,168,12099,1.37,48288.24,1085643.2699999998
2020-02-16,08:00,09:00,392,12324,5.95,110877.20000000001,1049388.5999999999
2020-02-16,09:00,10:00,1213,12347,11.62,336219.34,981339.5599999998
2020-02-16,10:00,11:00,2166,12274,13.13,597101.2200000001,957003.78
2020-02-16,11:00,12:00,2950,12250,12.89,813934.5000000001,958072.4999999999
2020-02-16,12:00,13:00,3305,12285,16.76,899092.2000000001,913266.8999999999
2020-02-16,13:00,14:00,3440,12166,9.85,959588,988487.5
2020-02-16,14:00,15:00,3012,12025,6.43,850498.4400000001,1018156.7499999999
2020-02-16,15:00,16:00,2247,11988,4.09,639743.3700000001,1043075.8799999999
2020-02-16,16:00,17:00,1215,11851,5.10,344695.5,1019186
2020-02-16,17:00,18:00,390,11960,10.40,108576.00000000001,965171.9999999999
2020-02-16,18:00,19:00,141,11551,14.69,38649.51,882611.9099999999
2020-02-16,19:00,20:00,0,11409,18.59,0,827266.5899999999
2020-02-16,20:00,21:00,0,11428,13.91,0,882127.32
2020-02-16,21:00,22:00,0,11246,9.07,0,922509.38
2020-02-16,22:00,23:00,0,10673,10.93,0,855654.4099999999
2020-02-16,23:00,00:00,0,9783,11.69,0,776868.0299999999
2020-02-17,00:00,01:00,0,9045,12.20,0,713650.4999999999
2020-02-17,01:00,02:00,0,8224,12.00,0,650518.3999999999
2020-02-17,02:00,03:00,0,7274,10.80,0,584102.2
2020-02-17,03:00,04:00,0,6559,5.73,0,559941.83
2020-02-17,04:00,05:00,0,6124,5.95,0,521458.6
2020-02-17,05:00,06:00,0,5838,8.10,0,484554
2020-02-17,06:00,07:00,0,5931,22.16,0,408883.14
2020-02-17,07:00,08:00,145,6392,30.06,37517.3,390167.67999999993
2020-02-17,08:00,09:00,299,6875,36.44,75455.64,375787.5
2020-02-17,09:00,10:00,710,7339,33.57,181213.30000000002,422212.67
2020-02-17,10:00,11:00,1173,8099,29.80,303807,496468.69999999995
2020-02-17,11:00,12:00,1614,9122,29.80,418026,559178.6
2020-02-17,12:00,13:00,1921,10117,30.08,497001.12000000005,617339.34
2020-02-17,13:00,14:00,2055,10655,27.35,537279.75,679256.2499999999
2020-02-17,14:00,15:00,2085,10743,27.69,544414.35,681213.63
2020-02-17,15:00,16:00,1701,10854,25.43,447992.37,712782.1799999998
2020-02-17,16:00,17:00,1077,10754,23.88,285318.84,722883.88
2020-02-17,17:00,18:00,450,10549,27.42,117621,671760.32
2020-02-17,18:00,19:00,149,10350,36.79,37549.490000000005,562108.5
2020-02-17,19:00,20:00,0,10209,36.95,0,552817.3499999999
2020-02-17,20:00,21:00,0,10004,32.27,0,588535.32
2020-02-17,21:00,22:00,0,9847,25.21,0,648818.8299999998
2020-02-17,22:00,23:00,0,9597,23.76,0,646261.9799999999
2020-02-17,23:00,00:00,0,9525,23.12,0,647509.4999999999
2020-02-18,00:00,01:00,0,9289,21.51,0,646421.5099999999
2020-02-18,01:00,02:00,0,9009,18.57,0,653422.77
2020-02-18,02:00,03:00,0,8572,17.05,0,634756.6
2020-02-18,03:00,04:00,0,7876,11.10,0,630080
2020-02-18,04:00,05:00,0,7520,10.38,0,607014.4
2020-02-18,05:00,06:00,0,7229,17.50,0,532054.3999999999
2020-02-18,06:00,07:00,0,6906,26.14,0,448613.75999999995
2020-02-18,07:00,08:00,160,6956,35.93,40459.2,383762.51999999996
2020-02-18,08:00,09:00,609,6869,38.05,152706.75,364400.44999999995
2020-02-18,09:00,10:00,2185,6507,36.26,551799.9,356843.88
2020-02-18,10:00,11:00,3728,6199,30.75,962010.4,374109.64999999997
2020-02-18,11:00,12:00,4634,6853,27.65,1210169.1,434822.85
2020-02-18,12:00,13:00,4473,7983,25.10,1179530.0999999999,526878
2020-02-18,13:00,14:00,4252,8633,22.35,1132945.4,593518.75
2020-02-18,14:00,15:00,3900,8546,22.75,1037595,584119.1
2020-02-18,15:00,16:00,3223,8529,24.89,850581.93,564705.09
2020-02-18,16:00,17:00,1978,7967,29.14,513607.48000000004,493635.31999999995
2020-02-18,17:00,18:00,713,7454,34.96,180987.92,418467.55999999994
2020-02-18,18:00,19:00,158,7513,38.88,39487.36,392328.8599999999
2020-02-18,19:00,20:00,0,7933,38.51,0,417196.47
2020-02-18,20:00,21:00,0,8910,32.40,0,523016.99999999994
2020-02-18,21:00,22:00,0,9921,25.92,0,646650.7799999999
2020-02-18,22:00,23:00,0,10433,25.61,0,683257.1699999999
2020-02-18,23:00,00:00,0,10847,25.22,0,714600.36
2020-02-19,00:00,01:00,0,10815,23.00,0,736501.4999999999
2020-02-19,01:00,02:00,0,10775,22.72,0,736794.5
2020-02-19,02:00,03:00,0,10352,20.18,0,734163.8399999999
2020-02-19,03:00,04:00,0,9704,19.48,0,695000.4799999999
2020-02-19,04:00,05:00,0,9063,22.08,0,625528.26
2020-02-19,05:00,06:00,0,8520,25.52,0,558741.6
2020-02-19,06:00,07:00,0,7703,29.62,0,473580.43999999994
2020-02-19,07:00,08:00,160,7099,36.53,40363.200000000004,387392.42999999993
2020-02-19,08:00,09:00,579,6596,38.98,144645.78,343783.51999999996
2020-02-19,09:00,10:00,1890,5512,38.99,472140.9,287230.31999999995
2020-02-19,10:00,11:00,3139,5161,37.00,790400.2000000001,279210.1
2020-02-19,11:00,12:00,3628,5515,34.71,921838.52,310990.85
2020-02-19,12:00,13:00,3855,5864,29.33,1000256.8500000001,362219.27999999997
2020-02-19,13:00,14:00,3782,6058,26.73,991148.74,389953.45999999996
2020-02-19,14:00,15:00,3334,5912,26.22,875441.7200000001,383570.56
2020-02-19,15:00,16:00,2665,5253,27.66,695938.1,333250.32
2020-02-19,16:00,17:00,1782,4325,32.75,456281.10000000003,252363.74999999997
2020-02-19,17:00,18:00,687,3718,36.93,173034.69,201404.05999999997
2020-02-19,18:00,19:00,155,3541,44.65,37843.25,164479.44999999998
2020-02-19,19:00,20:00,0,4028,43.38,0,192216.15999999997
2020-02-19,20:00,21:00,0,4818,36.94,0,260942.87999999998
2020-02-19,21:00,22:00,0,5345,33.91,0,305680.55
2020-02-19,22:00,23:00,0,5444,32.10,0,321195.99999999994
2020-02-19,23:00,00:00,0,5541,27.91,0,350135.79
2020-02-20,00:00,01:00,0,5595,26.45,0,361716.74999999994
2020-02-20,01:00,02:00,0,5609,25.01,0,370698.80999999994
2020-02-20,02:00,03:00,0,5653,24.56,0,376150.61999999994
2020-02-20,03:00,04:00,0,5578,24.10,0,373726
2020-02-20,04:00,05:00,0,5779,24.17,0,386788.47
2020-02-20,05:00,06:00,0,6107,24.83,0,404710.88999999996
2020-02-20,06:00,07:00,0,6315,33.31,0,364943.85
2020-02-20,07:00,08:00,164,6755,37.78,41167.28,360176.6
2020-02-20,08:00,09:00,677,6966,40.15,168336.05000000002,354917.69999999995
2020-02-20,09:00,10:00,2199,7291,36.97,553774.17,394661.82999999996
2020-02-20,10:00,11:00,3516,7585,34.41,894435.2400000001,429993.64999999997
2020-02-20,11:00,12:00,4388,8201,34.49,1115912.28,464258.6099999999
2020-02-20,12:00,13:00,4962,9173,32.58,1271363.6400000001,536803.96
2020-02-20,13:00,14:00,4985,9674,30.11,1289569.65,590017.2599999999
2020-02-20,14:00,15:00,4552,10111,28.30,1185796,634970.7999999999
2020-02-20,15:00,16:00,3765,10262,25.95,989630.2500000001,668569.2999999999
2020-02-20,16:00,17:00,2458,10347,26.96,643602.7200000001,663656.5799999998
2020-02-20,17:00,18:00,896,10372,31.11,230890.24,622216.2799999999
2020-02-20,18:00,19:00,165,10026,34.98,41880.3,562659.12
2020-02-20,19:00,20:00,0,9836,35.98,0,542160.32
2020-02-20,20:00,21:00,0,9484,28.98,0,589146.08
2020-02-20,21:00,22:00,0,8740,25.17,0,576228.2
2020-02-20,22:00,23:00,0,7870,26.65,0,507221.4999999999
2020-02-20,23:00,00:00,0,6997,29.36,0,431994.77999999997
2020-02-21,00:00,01:00,0,6016,24.28,0,401989.11999999994
2020-02-21,01:00,02:00,0,5515,25.76,0,360350.0999999999
2020-02-21,02:00,03:00,0,5129,25.57,0,336103.37
2020-02-21,03:00,04:00,0,4643,23.03,0,316049.00999999995
2020-02-21,04:00,05:00,0,4258,22.53,0,291971.06
2020-02-21,05:00,06:00,0,3892,24.38,0,259674.24
2020-02-21,06:00,07:00,0,3514,30.87,0,211648.21999999997
2020-02-21,07:00,08:00,169,3579,38.08,42371.68000000001,189758.58
2020-02-21,08:00,09:00,714,3726,39.43,178050.18,192522.41999999998
2020-02-21,09:00,10:00,2190,3566,39.15,546733.5,185253.69999999998
2020-02-21,10:00,11:00,3639,3098,36.96,916445.76,167725.71999999997
2020-02-21,11:00,12:00,4604,3301,34.09,1172684.84,188190.00999999998
2020-02-21,12:00,13:00,4967,4214,30.65,1282231.0500000003,254736.3
2020-02-21,13:00,14:00,4917,5238,27.13,1286631.3900000001,335074.86
2020-02-21,14:00,15:00,4603,5755,24.81,1215145.97,381498.94999999995
2020-02-21,15:00,16:00,3749,5860,25.64,986586.8400000001,383595.6
2020-02-21,16:00,17:00,2349,5549,28.68,611021.88,346368.57999999996
2020-02-21,17:00,18:00,884,5038,32.91,226206.76,293161.22
2020-02-21,18:00,19:00,172,4778,36.76,43350.880000000005,259636.52
2020-02-21,19:00,20:00,0,5070,37.71,0,270687.3
2020-02-21,20:00,21:00,0,5569,32.62,0,325675.12
2020-02-21,21:00,22:00,0,6186,26.89,0,397203.05999999994
2020-02-21,22:00,23:00,0,6761,33.51,0,389365.99
2020-02-21,23:00,00:00,0,7064,32.67,0,412749.51999999996
2020-02-22,00:00,01:00,0,7091,29.74,0,435103.76
2020-02-22,01:00,02:00,0,7019,26.57,0,452936.07
2020-02-22,02:00,03:00,0,7068,25.44,0,464084.88
2020-02-22,03:00,04:00,0,7423,22.04,0,512632.38
2020-02-22,04:00,05:00,0,7587,19.24,0,545201.82
2020-02-22,05:00,06:00,0,7671,14.15,0,590283.45
2020-02-22,06:00,07:00,0,7987,21.70,0,554297.7999999999
2020-02-22,07:00,08:00,178,7878,21.84,47518.880000000005,545630.2799999999
2020-02-22,08:00,09:00,856,7821,24.84,225949.76000000004,518219.4599999999
2020-02-22,09:00,10:00,2602,7677,31.80,668714,455246.1
2020-02-22,10:00,11:00,4212,7974,29.06,1094024.8800000001,494706.95999999996
2020-02-22,11:00,12:00,5196,8594,25.61,1367535.24,562821.0599999999
2020-02-22,12:00,13:00,5655,8760,24.29,1495804.05,585255.6
2020-02-22,13:00,14:00,5544,8652,18.32,1499541.12,629692.56
2020-02-22,14:00,15:00,5064,8488,19.24,1365051.84,609947.68
2020-02-22,15:00,16:00,4053,8125,17.09,1101240.6300000001,601331.2499999999
2020-02-22,16:00,17:00,2633,7971,18.33,712147.5100000001,580049.6699999999
2020-02-22,17:00,18:00,978,8005,22.26,260676.12000000002,551064.2
2020-02-22,18:00,19:00,170,7955,28.70,44217.00000000001,496391.99999999994
2020-02-22,19:00,20:00,0,7864,33.44,0,453438.24
2020-02-22,20:00,21:00,0,7658,25.19,0,504738.77999999997
2020-02-22,21:00,22:00,0,7768,22.04,0,536458.0800000001
2020-02-22,22:00,23:00,0,7724,25.81,0,504299.95999999996
2020-02-22,23:00,00:00,0,7885,29.40,0,486504.49999999994
2020-02-23,00:00,01:00,0,7861,28.64,0,490998.05999999994
2020-02-23,01:00,02:00,0,7613,25.18,0,501848.9599999999
2020-02-23,02:00,03:00,0,7404,23.93,0,497326.67999999993
2020-02-23,03:00,04:00,0,7998,14.60,0,611847
2020-02-23,04:00,05:00,0,8798,12.85,0,688443.5
2020-02-23,05:00,06:00,0,9505,12.40,0,748043.4999999999
2020-02-23,06:00,07:00,0,10088,11.46,0,803408.3199999998
2020-02-23,07:00,08:00,170,10547,12.53,46965.90000000001,828677.7899999999
2020-02-23,08:00,09:00,653,10868,14.73,178967.71,829989.1599999999
2020-02-23,09:00,10:00,1917,10900,18.46,518241.7800000001,791775.9999999999
2020-02-23,10:00,11:00,3059,10968,21.48,817731.88,763592.1599999999
2020-02-23,11:00,12:00,3930,11100,24.44,1038934.8,739926
2020-02-23,12:00,13:00,4528,11186,23.47,1201414.2400000002,756509.1799999999
2020-02-23,13:00,14:00,4859,11250,16.96,1320870.56,834074.9999999999
2020-02-23,14:00,15:00,4590,11262,12.08,1270144.8,889923.24
2020-02-23,15:00,16:00,3821,11136,11.53,1059448.6700000002,886091.5199999999
2020-02-23,16:00,17:00,2549,10879,11.58,706633.78,865098.08
2020-02-23,17:00,18:00,977,10514,15.98,266545.14,789811.6799999999
2020-02-23,18:00,19:00,174,10088,23.28,46200.479999999996,684168.1599999999
2020-02-23,19:00,20:00,0,9415,30.11,0,574220.85
2020-02-23,20:00,21:00,0,8516,26.94,0,546386.5599999999
2020-02-23,21:00,22:00,0,7126,21.09,0,498891.25999999995
2020-02-23,22:00,23:00,0,5815,27.85,0,367798.74999999994
2020-02-23,23:00,00:00,0,5066,27.19,0,323768.06
2020-02-24,00:00,01:00,0,4392,20.01,0,312227.27999999997
2020-02-24,01:00,02:00,0,3978,18.73,0,287887.86
2020-02-24,02:00,03:00,0,3772,18.17,0,275091.95999999996
2020-02-24,03:00,04:00,0,3598,15.02,0,273735.83999999997
2020-02-24,04:00,05:00,0,3661,18.96,0,264104.54
2020-02-24,05:00,06:00,0,4130,26.61,0,266343.69999999995
2020-02-24,06:00,07:00,0,4985,35.91,0,275122.14999999997
2020-02-24,07:00,08:00,180,6033,43.00,44244,290187.3
2020-02-24,08:00,09:00,721,6821,42.87,177315.53,328976.82999999996
2020-02-24,09:00,10:00,1909,7616,39.96,475035.56,389482.23999999993
2020-02-24,10:00,11:00,2945,8678,36.01,744466.55,478071.01999999996
2020-02-24,11:00,12:00,3711,9409,33.91,945896.79,538100.71
2020-02-24,12:00,13:00,4454,9919,29.86,1153318.76,607439.5599999999
2020-02-24,13:00,14:00,4896,9951,27.22,1280695.6800000002,635669.88
2020-02-24,14:00,15:00,4821,10135,26.24,1265801.76,657356.1
2020-02-24,15:00,16:00,4138,10313,21.05,1107949.5,722425.65
2020-02-24,16:00,17:00,2737,10343,22.58,728644.1400000001,708702.36
2020-02-24,17:00,18:00,998,10218,27.82,260458.04,646595.0399999999
2020-02-24,18:00,19:00,162,9987,36.10,40937.4,549284.9999999999
2020-02-24,19:00,20:00,0,10144,35.16,0,567455.36
2020-02-24,20:00,21:00,0,10087,29.13,0,625091.39
2020-02-24,21:00,22:00,0,10123,23.91,0,680164.37
2020-02-24,22:00,23:00,0,9980,22.86,0,681035.2
2020-02-24,23:00,00:00,0,9902,24.92,0,655314.3599999999
2020-02-25,00:00,01:00,0,9827,16.55,0,732602.85
2020-02-25,01:00,02:00,0,9598,15.00,0,730407.7999999999
2020-02-25,02:00,03:00,0,9347,14.12,0,719532.0599999999
2020-02-25,03:00,04:00,0,9101,12.71,0,713427.3899999999
2020-02-25,04:00,05:00,0,9056,12.97,0,707545.2799999999
2020-02-25,05:00,06:00,0,8840,16.30,0,661232
2020-02-25,06:00,07:00,0,8542,25.84,0,557450.9199999999
2020-02-25,07:00,08:00,173,8270,31.99,44428.13,488839.7
2020-02-25,08:00,09:00,536,7515,37.00,134964.80000000002,406561.49999999994
2020-02-25,09:00,10:00,1154,6841,33.61,294489.26,393289.08999999997
2020-02-25,10:00,11:00,1848,7166,31.70,475120.80000000005,425660.39999999997
2020-02-25,11:00,12:00,2273,8287,29.05,590411.75,514208.35
2020-02-25,12:00,13:00,2447,9169,27.46,639498.9800000001,583515.1599999999
2020-02-25,13:00,14:00,2554,10046,26.51,669888.66,648871.1399999999
2020-02-25,14:00,15:00,2450,10493,25.35,645452.5,689914.75
2020-02-25,15:00,16:00,2260,10851,25.53,594990.2,711500.07
2020-02-25,16:00,17:00,1619,11107,27.00,423854.2,711958.7
2020-02-25,17:00,18:00,694,10883,29.71,179808.46000000002,668107.3699999999
2020-02-25,18:00,19:00,173,10461,36.02,43730.94,576191.8799999999
2020-02-25,19:00,20:00,0,10643,39.94,0,544495.88
2020-02-25,20:00,21:00,0,11205,35.21,0,626247.45
2020-02-25,21:00,22:00,0,11476,30.10,0,700035.9999999999
2020-02-25,22:00,23:00,0,11084,29.90,0,678340.7999999999
2020-02-25,23:00,00:00,0,11426,26.46,0,738576.6399999999
2020-02-26,00:00,01:00,0,11621,25.56,0,761640.3399999999
2020-02-26,01:00,02:00,0,11744,25.20,0,773929.5999999999
2020-02-26,02:00,03:00,0,11576,24.35,0,772698
2020-02-26,03:00,04:00,0,11368,23.53,0,768135.7599999999
2020-02-26,04:00,05:00,0,11010,24.08,0,737890.2
2020-02-26,05:00,06:00,0,10232,25.01,0,676232.8799999999
2020-02-26,06:00,07:00,0,9613,31.24,0,575434.18
2020-02-26,07:00,08:00,181,9664,34.54,46021.060000000005,546595.84
2020-02-26,08:00,09:00,664,9414,37.64,166770.24000000002,503272.43999999994
2020-02-26,09:00,10:00,1805,9217,37.01,454480.95,498547.52999999997
2020-02-26,10:00,11:00,2835,9612,34.02,722301.3,548652.96
2020-02-26,11:00,12:00,3691,10158,33.13,943677.9700000001,588859.2599999999
2020-02-26,12:00,13:00,4135,10517,32.10,1061454.5,620502.9999999999
2020-02-26,13:00,14:00,3981,10195,30.45,1028491.3500000001,618326.7499999999
2020-02-26,14:00,15:00,3552,10105,28.14,925864.3200000001,636210.7999999999
2020-02-26,15:00,16:00,2950,9794,27.61,770510.5,621821.0599999999
2020-02-26,16:00,17:00,1805,8817,28.21,470364.95000000007,554501.1299999999
2020-02-26,17:00,18:00,669,7936,30.82,172588.62000000002,478382.07999999996
2020-02-26,18:00,19:00,159,6764,38.46,39804.06,356056.95999999996
2020-02-26,19:00,20:00,0,6190,42.17,0,302876.69999999995
2020-02-26,20:00,21:00,0,5998,36.71,0,326231.22
2020-02-26,21:00,22:00,0,5753,33.83,0,329474.31
2020-02-26,22:00,23:00,0,5307,32.08,0,313219.13999999996
2020-02-26,23:00,00:00,0,5034,28.20,0,316638.6
2020-02-27,00:00,01:00,0,4860,31.57,0,289315.8
2020-02-27,01:00,02:00,0,5047,28.54,0,315740.31999999995
2020-02-27,02:00,03:00,0,5149,27.04,0,329844.94
2020-02-27,03:00,04:00,0,5447,25.17,0,359120.70999999996
2020-02-27,04:00,05:00,0,5944,25.45,0,390223.6
2020-02-27,05:00,06:00,0,7024,28.81,0,437524.95999999996
2020-02-27,06:00,07:00,0,8181,36.80,0,444228.3
2020-02-27,07:00,08:00,171,9524,42.28,42154.92,464961.67999999993
2020-02-27,08:00,09:00,369,10455,44.42,90176.22,488039.3999999999
2020-02-27,09:00,10:00,727,10972,42.41,179125.53,534226.6799999999
2020-02-27,10:00,11:00,1084,11042,40.15,269536.60000000003,562589.8999999999
2020-02-27,11:00,12:00,1329,10770,40.05,330588.75,549808.5
2020-02-27,12:00,13:00,1652,10575,38.82,412966.96,552860.9999999999
2020-02-27,13:00,14:00,1853,10922,37.46,465733.02,585856.08
2020-02-27,14:00,15:00,1866,11930,33.36,476651.04,688838.2
2020-02-27,15:00,16:00,1659,11852,29.67,429896.67,728068.3599999999
2020-02-27,16:00,17:00,1247,11612,25.75,328023.35000000003,758844.2
2020-02-27,17:00,18:00,590,11208,28.88,153352.80000000002,697361.76
2020-02-27,18:00,19:00,168,10191,35.17,42609.84,569982.6299999999
2020-02-27,19:00,20:00,0,8916,48.06,0,383744.63999999996
2020-02-27,20:00,21:00,0,7938,39.13,0,412537.8599999999
2020-02-27,21:00,22:00,0,6833,35.68,0,378684.86
2020-02-27,22:00,23:00,0,5812,33.77,0,333201.95999999996
2020-02-27,23:00,00:00,0,5116,31.77,0,303532.27999999997
2020-02-28,00:00,01:00,0,4461,30.00,0,272567.1
2020-02-28,01:00,02:00,0,3886,27.93,0,245478.61999999997
2020-02-28,02:00,03:00,0,3232,25.73,0,211275.83999999997
2020-02-28,03:00,04:00,0,2660,25.30,0,175028
2020-02-28,04:00,05:00,0,2550,25.31,0,167764.49999999997
2020-02-28,05:00,06:00,0,2644,29.08,0,163980.87999999998
2020-02-28,06:00,07:00,0,2888,35.01,0,161987.91999999998
2020-02-28,07:00,08:00,197,3710,40.74,48867.82,186835.59999999998
2020-02-28,08:00,09:00,777,4561,43.88,190302.84000000003,215370.41999999995
2020-02-28,09:00,10:00,1902,5296,40.12,472989.36,269990.07999999996
2020-02-28,10:00,11:00,2915,5760,37.81,731635.85,306950.39999999997
2020-02-28,11:00,12:00,3605,6497,37.20,907018.0000000001,350188.29999999993
2020-02-28,12:00,13:00,3761,7554,34.06,958077.14,430880.1599999999
2020-02-28,13:00,14:00,3594,8157,26.00,944503.2000000001,531020.7
2020-02-28,14:00,15:00,3090,8616,26.12,811681.2000000001,559867.6799999999
2020-02-28,15:00,16:00,2485,8851,27.10,650324.5,566463.9999999999
2020-02-28,16:00,17:00,1549,9041,26.13,406875.83,587393.77
2020-02-28,17:00,18:00,549,9527,28.07,143140.77000000002,600486.8099999999
2020-02-28,18:00,19:00,164,9956,33.10,41934.8,577447.9999999999
2020-02-28,19:00,20:00,0,10199,35.34,0,568696.2399999999
2020-02-28,20:00,21:00,0,10365,27.77,0,656415.45
2020-02-28,21:00,22:00,0,10533,27.06,0,674533.32
2020-02-28,22:00,23:00,0,10562,29.01,0,655794.5799999998
2020-02-28,23:00,00:00,0,11079,26.50,0,715703.3999999999
2020-02-29,00:00,01:00,0,11429,15.41,0,865061.01
2020-02-29,01:00,02:00,0,11741,12.71,0,920376.9899999999
2020-02-29,02:00,03:00,0,11794,13.71,0,912737.6599999998
2020-02-29,03:00,04:00,0,11689,12.00,0,924599.8999999999
2020-02-29,04:00,05:00,0,11621,9.60,0,947111.5
2020-02-29,05:00,06:00,0,11744,9.04,0,963712.64
2020-02-29,06:00,07:00,0,12077,10.60,0,972198.5
2020-02-29,07:00,08:00,176,12453,14.21,48327.840000000004,957511.1699999998
2020-02-29,08:00,09:00,497,12427,14.91,136123.33,946813.13
2020-02-29,09:00,10:00,1128,12392,17.00,306590.4,918247.2
2020-02-29,10:00,11:00,1776,12290,16.75,483160.80000000005,913761.4999999999
2020-02-29,11:00,12:00,2016,12326,16.50,548956.8,919519.6
2020-02-29,12:00,13:00,2159,12042,16.75,587355.9500000001,895322.7
2020-02-29,13:00,14:00,2285,12140,15.99,623370.85,911835.4
2020-02-29,14:00,15:00,2129,12191,15.00,582920.2000000001,927735.1
2020-02-29,15:00,16:00,1713,11801,15.22,468642.54,895459.8799999999
2020-02-29,16:00,17:00,1044,11429,15.00,285847.2,869746.8999999999
2020-02-29,17:00,18:00,491,11416,19.36,132295.04,818983.84
2020-02-29,18:00,19:00,178,10846,22.95,47321.3,739154.8999999999
2020-02-29,19:00,20:00,0,10320,25.61,0,675856.7999999999
2020-02-29,20:00,21:00,0,10612,22.35,0,729575
2020-02-29,21:00,22:00,0,11200,16.50,0,835519.9999999999
2020-02-29,22:00,23:00,0,11145,16.18,0,834983.3999999999
2020-02-29,23:00,00:00,0,11201,17.51,0,824281.5899999999
2020-03-01,00:00,01:00,0,11107,16.99,0,823139.77
2020-03-01,01:00,02:00,0,10843,13.80,0,838163.9
2020-03-01,02:00,03:00,0,10642,13.53,0,825499.94
2020-03-01,03:00,04:00,0,10572,7.70,0,881704.7999999999
2020-03-01,04:00,05:00,0,10282,5.64,0,878699.72
2020-03-01,05:00,06:00,0,9614,5.67,0,821324.0199999999
2020-03-01,06:00,07:00,0,9166,9.29,0,749870.46
2020-03-01,07:00,08:00,177,9046,10.25,49303.35,731369.1
2020-03-01,08:00,09:00,637,8394,10.16,177493.68,679410.36
2020-03-01,09:00,10:00,1533,8370,12.57,423460.59,657296.1
2020-03-01,10:00,11:00,2291,8779,13.80,630025,678616.7
2020-03-01,11:00,12:00,2892,8834,13.30,796746,687285.2
2020-03-01,12:00,13:00,3382,8127,14.00,929373.6000000001,626591.7
2020-03-01,13:00,14:00,3715,7256,11.00,1032027,581205.6
2020-03-01,14:00,15:00,3233,6704,9.97,901457.3899999999,543895.52
2020-03-01,15:00,16:00,2479,6890,9.07,693450.67,565186.7
2020-03-01,16:00,17:00,1660,7169,13.29,457346.6,557819.89
2020-03-01,17:00,18:00,710,7181,14.00,195108,553655.1
2020-03-01,18:00,19:00,172,7164,25.74,45246.32,468239.04
2020-03-01,19:00,20:00,0,7297,36.12,0,401189.06
2020-03-01,20:00,21:00,0,7911,31.49,0,471574.71
2020-03-01,21:00,22:00,0,8236,26.10,0,535340
2020-03-01,22:00,23:00,0,7825,27.76,0,495635.49999999994
2020-03-01,23:00,00:00,0,7810,24.24,0,522176.6
2020-03-02,00:00,01:00,0,0,24.31,0,0

